id	claim	grade	pointer	bound	status	successor	kind	source	owner
#0201	A food item's age axis stores `age` in days as a float with `offAge` and `offAgeMax` in whole days and `lastAged` in world hours, and derives `isFresh()` as `age < offAge`, `isRotten()` as `age >= offAgeMax`, an un-named stale band between the two and `canAge()` as `offAgeMax != 1000000000`.	C	jar:Food.updateAge(Z) @294–@331 L771-772; jar:Food.canAge @1–@7 L2577	none	settled		mechanism	docs/vanilla/food-item-model.md § The three state axes	facts/food-item-model.md#state-axes
#0202	A food item's cooking axis stores `cookingTime` in game minutes of heat alongside `heat`, `lastCookMinute` and the `cooked` and `burnt` flags, and `Food.update` is its only driver.	C	jar:Food.update @49–@71 L372-L373	none	settled		mechanism	docs/vanilla/food-item-model.md § The three state axes	facts/food-item-model.md#state-axes
#0203	A food item's freezing axis stores `freezingTime` as a 0–100 percentage with `lastFrozenUpdate` and the `frozen` flag, is written by `Food.updateFreezing` and `freeze()`, and takes its `isFreezing()` and `isThawing()` predicates from the container together with `canBeFrozen()`.	C	jar:Food.updateFreezing @50 L853; jar:Food.setFreezingTime @0–@33 L2160–L2166	none	settled		mechanism	docs/vanilla/food-item-model.md § The three state axes	facts/food-item-model.md#state-axes
#0204	The three state axes cross at only two points: `isFrozen()` zeroes the age rate and closes the cooking block, and `burnt` short-circuits both rot transition tests so a burnt item never fires `OnContainerUpdate` for rot while its `age` still advances.	C	jar:Food.updateAge(Z) @140–@151 L754-755; jar:Food.update @49–@71 L372-L373; jar:Food.updateAge(Z) @294–@331 L771-772	none	settled		mechanism	docs/vanilla/food-item-model.md § The three state axes; docs/vanilla/food-item-model.md § Aging	facts/food-item-model.md#state-axes
#0205	`Food.setRotten(boolean)` writes a field that nothing in the jar reads.	C	jar:Food.setRotten(boolean) @0–@5 L1846-L1847	C-only; a whole-jar reverse-reference scan, so a reader outside the jar would not show	settled		mechanism	docs/vanilla/food-item-model.md § The three state axes	facts/food-item-model.md#dead-setters
#0206	`isRotten()` derives from `age`: setting `age` to 4.1 on an item whose `offAgeMax` is 4 makes the item read rotten with no `setRotten` call.	M	jar:Food.updateAge(Z) @331 L772; run:exp02-20260910-030433 lifecycle.json summary.a_rows[3].rotten	n=1; one item (Base.Steak) on one fixture, client-side setAge on a server-spawned item	settled		mechanism	docs/vanilla/food-item-model.md § The three state axes	facts/food-item-model.md#dead-setters
#0207	`setFrozen(true)` is undone by the next `updateFreezing` tick on a server, because `isThawing()` is true while `freezingTime` is still 0.	C	jar:Food.updateAge(Z) @16 L739; jar:Food.updateFreezing @75–@122 L856–L865	C-only	settled		mechanism	docs/vanilla/food-item-model.md § The three state axes	facts/food-item-model.md#dead-setters
#0208	`updateFreezing` has exactly one caller in the jar and every ticking route into `updateAge` is server-gated, so on a multiplayer client nothing thaws the `frozen` flag except toggling a generator near a powered fridge or freezer or an explicit Lua `item:updateAge()`.	C	jar:Food.updateAge(Z) @16 L739; jar:Food.update @38–@46 L369-370; jar:IsoGenerator.setActivated(Z) @82–@83 L552; jar:updateFridgeFreezerItems @73–@83 L387-L388	C-only; whether the same holds in single-player at default settings is unsettled	settled		mechanism	docs/vanilla/food-item-model.md § The three state axes	facts/food-item-model.md#dead-setters
#0209	Vanilla never trusts either rot flag alone: `ItemPickerJava.rotItem` calls `setRotten(true)` and then `setAge(getOffAgeMax())`.	C	jar:ItemPickerJava.rotItem @59–@70 L2253-L2254	none	settled		mechanism	docs/vanilla/food-item-model.md § The three state axes	facts/food-item-model.md#dead-setters
#0210	The routes that do change an item's rot and freeze state are `setAge(offAgeMax + 1)` or `setAge(offAge)` for rot and `freeze()` or `setFreezingTime(100)` for freezing.	C	jar:Food.updateAge(Z) @331 L772; jar:Food.setFreezingTime @0–@33 L2160–L2166	none	settled		rule	docs/vanilla/food-item-model.md § The three state axes	facts/food-item-model.md#dead-setters
#0211	One method parses every `Key = Value` line of an `item` block for every item type in the game, `zombie/scripting/objects/Item.DoParam(String,String)`, an if/else chain of 440 `equalsIgnoreCase` comparisons over 396 distinct keys.	C	jar:Item.DoParam(String,String) @0 L1969 … @11920 L3008	snapshot 2026-09-10; the comparison and key counts are a read of 42.20.4 (b0bbce05d5)	settled		mechanism	docs/vanilla/food-item-model.md § Key reference — all 114 script keys	platform/loader-and-scripts.md#script-dsl
#0212	An unknown script key is neither dropped nor thrown: the fall-through writes it into the item's `defaultModData` as a `Double` when the value parses and as a `String` otherwise, so a dead key silently becomes mod data readable from Lua.	C	jar:Item.DoParam(String,String) @11805 L2992; jar:Item.DoParam(String,String) @11832–@11894 L2993–L3003	none	settled		mechanism	docs/vanilla/food-item-model.md § Key reference — all 114 script keys	platform/loader-and-scripts.md#default-moddata
#0213	A malformed value on a known key throws `InvalidParameterException(key, item.name)`.	C	jar:Item.DoParam(String,String) @11898–@11919 L3005–L3006	none	settled		mechanism	docs/vanilla/food-item-model.md § Key reference — all 114 script keys	platform/loader-and-scripts.md#script-dsl
#0214	Script values parse as `Integer.parseInt` for an int, `Float.parseFloat` for a float, `Boolean.parseBoolean` or a case-insensitive match so that only the literal `true` is true for a bool, a semicolon `trim().split` for a list, and a bare `putfield` for a string.	C	jar:Item.DoParam(String,String) @0 L1969 … @11920 L3008	none	settled		mechanism	docs/vanilla/food-item-model.md § Key reference — all 114 script keys	platform/loader-and-scripts.md#script-dsl
#0215	The script-key reference is 114 distinct keys — 78 over the 722 `base:food` blocks of `food.txt` and 82 over the 150 `base:drainable` blocks of `drainable.txt`, 46 of them shared — each row giving the key's type, its occurrence count in each file, its Java field or getter and its runtime effect, read on 42.20.4.	C	jar:Item.DoParam(String,String) @0 L1969 … @11920 L3008; data:media/scripts/generated/items/food.txt 2026-09-10; data:media/scripts/generated/items/drainable.txt 2026-09-10	snapshot 2026-09-10; the occurrence counts are a dated read of the two generated script files	settled		table	docs/vanilla/food-item-model.md § Key reference — all 114 script keys	facts/food-item-model.md#script-keys
#0216	`media/scripts/generated/items/food.txt` holds 722 `base:food` blocks over 15 525 lines and `drainable.txt` holds 150 `base:drainable` blocks over 2 420 lines.	C	data:media/scripts/generated/items/food.txt 2026-09-10; data:media/scripts/generated/items/drainable.txt 2026-09-10	snapshot 2026-09-10	settled		count	docs/vanilla/food-item-model.md § Key reference — all 114 script keys	reference/datasets.md#counts
#0217	`IsWaterSource` has no branch in `Item.DoParam` on 42.20.4 — the literal survives only in the script generator's `ItemBuilder` class — so it lands in `defaultModData`, and it is carried by one shipped item, `item TestWaterMug`.	C	jar:Item.DoParam(String,String) @11805 L2992; data:media/scripts/generated/items/drainable.txt:83 2026-09-10	snapshot 2026-09-10	settled		mechanism	docs/vanilla/food-item-model.md § Key reference — all 114 script keys	facts/food-item-model.md#script-keys
#0218	`RainFactor` has no branch in `Item.DoParam` and is recognised only by `FluidContainerScript` inside a `component FluidContainer` block, never at item top level, so at item level it lands in `defaultModData`, and it is carried by one shipped item, `item TestWaterMug`.	C	jar:Item.DoParam(String,String) @11805 L2992; data:media/scripts/generated/items/drainable.txt:84 2026-09-10	snapshot 2026-09-10	settled		mechanism	docs/vanilla/food-item-model.md § Key reference — all 114 script keys	facts/food-item-model.md#script-keys
#0219	`Food.updateAge` reads the world clock, updates freezing, clamps `lastAged` forward, lerps `heat` toward the container, applies the frozen and fridge rate modifiers to the elapsed hours, advances `age`, and only then fires the rot transition event or the stats sync.	C	jar:Food.updateAge(boolean) @0–@510 L736–L783	none	settled		order	docs/vanilla/food-item-model.md § Aging	facts/spoilage.md#formula
#0220	`age` advances by the elapsed world hours times `getFoodRotSpeed()` divided by 24, so at the default rot speed of 1.0 one game day adds about one day of age.	M	jar:Food.updateAge(Z) @368 L774; run:exp02-20260910-030433 lifecycle.json summary.c.serverAge	n=1; one item on one fixture, dedicated server, sandbox FoodRotSpeed 3; the measured day came out 1.00777 against 1.02320 predicted over the containing window, 1.5 % short and unexplained	settled		mechanism	docs/vanilla/food-item-model.md § Aging	facts/spoilage.md#formula
#0221	`offAge` and `offAgeMax` default to 1000000000, the never-ages sentinel, at which `canAge()` is false.	C	jar:Food.canAge @4 L2577; jar:Food.updateRotting @5 L654	none	settled		mechanism	docs/vanilla/food-item-model.md § Aging	facts/spoilage.md#formula
#0222	A frozen item multiplies its elapsed aging hours by 0.0, so aging stops rather than slowing.	M	jar:Food.updateAge(Z) @147–@151 L755; run:exp02-20260910-030433 lifecycle.json summary.d.dAge; wiki:references/wiki-mirrors/food.md 42.20.0	n=1; one item on one fixture, 1.172 game-hours frozen in a player inventory, measured age change 0.000000	settled		mechanism	docs/vanilla/food-item-model.md § Aging	facts/spoilage.md#containers
#0223	An item in a powered fridge or freezer multiplies its elapsed aging hours by `getFridgeFactor()`.	C	jar:Food.updateAge(Z) @189–@197 L760	C-only; the container multipliers were never measured because they need a placed powered appliance	settled		mechanism	docs/vanilla/food-item-model.md § Aging	facts/spoilage.md#containers
#0224	`getFridgeFactor()` maps the sandbox `FridgeFactor` enum 1 to 6 onto 0.4, 0.3, 0.2, 0.1, 0.03 and 0.0, with a default of 3 and therefore 0.2.	C	jar:Food.getFridgeFactor @9 tableswitch L710–L716; jar:SandboxOptions.<init> @1113 L134	C-only; decoded from the raw tableswitch, so only the numeric mapping is established and not the translation labels	settled		mechanism	docs/vanilla/food-item-model.md § Aging	facts/spoilage.md#sandbox
#0225	`getFoodRotSpeed()` maps the sandbox `FoodRotSpeed` enum 1 to 5 onto 1.7, 1.4, 1.0, 0.7 and 0.4, with a default of 3 and therefore 1.0.	C	jar:Food.getFoodRotSpeed @9 tableswitch L721–L726; jar:SandboxOptions.<init> @1094 L133	C-only; decoded from the raw tableswitch, so only the numeric mapping is established and not the translation labels	settled		mechanism	docs/vanilla/food-item-model.md § Aging	facts/spoilage.md#sandbox
#0226	The unpowered fridge and freezer grace branch runs only while `elecShutModifier` is above -1 and `lastAged` is below `elecShutModifier` times 24 hours, ageing at the fridge factor up to that cutoff and at the full rate beyond it.	C	jar:Food.updateAge(Z) @202–@292 L761–L766	none	settled		mechanism	docs/vanilla/food-item-model.md § Aging	facts/spoilage.md#containers
#0227	Four of the five shipped sandbox presets set `ElecShutModifier` to 14 and `SixMonthsLater` sets it to -1, which disables the unpowered-fridge grace entirely.	C	lua:media/lua/shared/Sandbox/Apocalypse.lua:20 "ElecShutModifier = 14"; lua:media/lua/shared/Sandbox/SixMonthsLater.lua:13 "ElecShutModifier = -1"	snapshot 2026-09-10; the five shipped presets on 42.20.4	settled		mechanism	docs/vanilla/food-item-model.md § Aging	facts/spoilage.md#sandbox
#0228	An item's `heat` is lerped toward its container's temperature over a window of one third of a game hour, twenty game minutes, and snapped to it otherwise.	C	jar:Food.updateAge(Z) @71 L745	none	settled		mechanism	docs/vanilla/food-item-model.md § Aging	facts/spoilage.md#containers
#0229	`freezingTime` rises by the elapsed world hours divided by 4 and times 100, so an item reaches 100 per cent frozen in four game hours.	C	jar:Food.updateFreezing @50 L853	none	settled		mechanism	docs/vanilla/food-item-model.md § Aging	facts/spoilage.md#containers
#0230	`freezingTime` falls by the elapsed world hours divided by a thaw time of 1.5 hours and times 100, doubled in a powered fridge and divided by six when the container is above 1.0.	C	jar:Food.updateFreezing @75–@122 L856–L865	C-only; the measured thaw rate does not reproduce, so no thaw number is quotable as measured	settled		mechanism	docs/vanilla/food-item-model.md § Aging	facts/spoilage.md#containers
#0231	The `frozen` flag flips only at the boundaries: `setFreezingTime` sets it true at 100 or above and false at 0 or below, so an item at 44.6 per cent is still frozen.	M	jar:Food.setFreezingTime @0–@33 L2160–L2166; run:exp02-20260910-030433 lifecycle.json summary.d.frozenAfter; wiki:references/wiki-mirrors/food.md 42.20.0	n=1; one item on one fixture, read at freezingTime 44.6	settled		mechanism	docs/vanilla/food-item-model.md § Aging	facts/spoilage.md#containers
#0232	The item-stats sync on the aging path is rate-limited to one call per 1000 ms, and only the no-argument `updateAge()` passes that limit's result.	C	jar:Food.<clinit> @4 L72	none	settled		mechanism	docs/vanilla/food-item-model.md § Aging	facts/spoilage.md#writes
#0233	The sandbox option `DaysForRottenFoodRemoval` defaults to -1, which disables removal, and every shipped preset sets -1.	C	jar:SandboxOptions.<init> @1570–@1580 L168; lua:media/lua/shared/Sandbox/Apocalypse.lua:96 "DaysForRottenFoodRemoval = -1"; lua:media/lua/shared/Sandbox/SixMonthsLater.lua:71 "DaysForRottenFoodRemoval = -1"	snapshot 2026-09-10; the five shipped presets on 42.20.4	settled		mechanism	docs/vanilla/food-item-model.md § Aging	facts/spoilage.md#sandbox
#0234	All five shipped presets set `FoodRotSpeed` to 3, and all set `FridgeFactor` to 3 except `Outbreak`, which sets 4 and so ages fridged food at 0.1 rather than 0.2.	C	lua:media/lua/shared/Sandbox/Apocalypse.lua:65 "FoodRotSpeed = 3"; lua:media/lua/shared/Sandbox/Outbreak.lua:66 "FridgeFactor = 4"; lua:media/lua/shared/Sandbox/SixMonthsLater.lua:40 "FoodRotSpeed = 3"	snapshot 2026-09-10; the five shipped presets on 42.20.4	settled		mechanism	docs/vanilla/food-item-model.md § Aging	facts/spoilage.md#sandbox
#0235	`ItemContainer.isFreezer()` is true when the container's type equals the freezer container type or the literal freezer.	C	jar:ItemContainer.isFreezer @0–@55 L4057–L4061; jar:Food.isInFreezer @0–@16 L2723	none	settled		mechanism	docs/vanilla/food-item-model.md § Aging	facts/spoilage.md#containers
#0236	`ItemContainer.isFridge()` returns false for anything that is already a freezer, then tests the literal fridge, and otherwise reads the parent object's `IsoPropertyType.IS_FRIDGE` property; a player inventory is neither fridge nor freezer.	C	jar:ItemContainer.isFridge @0–@101 L4065–L4081; jar:Food.isInFridge @0–@16 L2719	none	settled		mechanism	docs/vanilla/food-item-model.md § Aging	facts/spoilage.md#containers
#0237	`ItemContainer.getTemprature()` is the only source of `Food.heat`, and it returns `customTemperature` when that is non-zero, else 0.2 in a powered fridge or freezer, the stove value on a powered stove or in a microwave under a stove, a barbecue's or fireplace's own temperature, a lerp from 0.2 to 1 across the morning in an unpowered fridge or freezer inside the electricity-shutoff window before 13:00, and 1.0 ambient otherwise.	C	jar:ItemContainer.getTemprature @0–@225 L2681–L2707	none	settled		mechanism	docs/vanilla/food-item-model.md § Aging	facts/spoilage.md#containers
#0238	`Food.setAutoAge()` is called from exactly one place, `ItemPickerJava.doRollItemInternal`, and pre-ages a spawned item by the world age plus the time since the apocalypse less one times 30 days, discounting fridge time by `getFridgeFactor()` and freezer time as zero with `freezingTime` set from the leftover, then multiplying by `getFoodRotSpeed()`.	C	jar:Food.setAutoAge @0–@263 L790–L838	none	settled		mechanism	docs/vanilla/food-item-model.md § Aging	facts/spoilage.md#spawn-age
#0239	`ItemPickerJava.rotItem` sets 75 per cent of spawned perishables to `getOffAgeMax()` and 95 per cent of the remainder to `getOffAge()`.	C	jar:ItemPickerJava.rotItem @0–@124 L2246–L2263	none	settled		mechanism	docs/vanilla/food-item-model.md § Aging	facts/spoilage.md#spawn-age
#0240	The spawn-rot roll exempts any item whose script sets both `cannedFood` and `cantEat`.	C	jar:ItemPickerJava.rotItem @17–@28 L2247	none	settled		mechanism	docs/vanilla/food-item-model.md § Aging	facts/spoilage.md#sealed
#0241	`Food.updateRotting` returns immediately when `offAgeMax` is still the 1000000000 sentinel.	C	jar:Food.updateRotting @0–@12 L654-655	none	settled		mechanism	docs/vanilla/food-item-model.md § Aging	facts/spoilage.md#formula
#0242	`Food.updateRotting` returns immediately on any multiplayer client, so no client ever runs the rot path.	C	jar:Food.updateRotting @13–@19 L658-659	none	settled		mechanism	docs/vanilla/food-item-model.md § Aging; docs/vanilla/food-item-model.md § MP behaviour	facts/spoilage.md#writes
#0243	With `ReplaceOnRotten` set, `updateRotting` ages the item every tick and, once it is rotten, creates the replacement, copies `age` and the condition states onto it and destroys the original.	C	jar:Food.updateRotting @20–@226 L662–L694	none	settled		mechanism	docs/vanilla/food-item-model.md § Key reference — all 114 script keys; docs/vanilla/food-item-model.md § Aging	facts/spoilage.md#sealed
#0244	Without `ReplaceOnRotten`, `updateRotting` acts only when `DaysForRottenFoodRemoval` is 0 or more, destroying the item past `offAgeMax` plus that many days.	C	jar:Food.updateRotting @20–@226 L662–L694	none; no shipped preset enables it	settled		mechanism	docs/vanilla/food-item-model.md § Aging	facts/spoilage.md#sandbox
#0245	`Food.update` calls `updateAge` only when it is running on a server, so a client never advances an item's age.	C	jar:Food.update @38–@46 L369-370	none	settled		mechanism	docs/vanilla/food-item-model.md § Aging; docs/vanilla/food-item-model.md § MP behaviour	facts/spoilage.md#writes
#0246	A food item's four macros read identical at every age: 220 kcal, 0 carbohydrates, 9.35 lipids and 31.62 proteins at ages 0, 1.9, 2.1 and 4.1.	M	run:exp02-20260910-030433 lifecycle.json summary.a_rows	n=1; one item (Base.Steak, DaysFresh 2, DaysTotallyRotten 4) on one fixture, client-side setAge on a server-spawned item, four ages, read at the getter	settled		mechanism	docs/vanilla/food-item-model.md § Aging	facts/spoilage.md#measured
#0247	The stored `getHungChange` stays at -0.4 at every age while the read-time `getHungerChange` reads -0.4 fresh, -0.307692 stale and -0.181818 rotten.	M	run:exp02-20260910-030433 lifecycle.json summary.a_rows	n=1; one item (Base.Steak) on one fixture, four ages, client-side setAge on a server-spawned item	settled		mechanism	docs/vanilla/food-item-model.md § Aging	facts/spoilage.md#measured
#0248	The stale band is real and un-named: at age 2.1 on an item with `offAge` 2 and `offAgeMax` 4 both `isFresh` and `isRotten` read false.	M	run:exp02-20260910-030433 lifecycle.json summary.a_rows[2]	n=1; one item (Base.Steak) on one fixture	settled		mechanism	docs/vanilla/food-item-model.md § Aging	facts/spoilage.md#measured
#0249	A client's copy of an item gains no age at all over a full accelerated game day: the client's age change was 0 against 1.00777 on the server.	M	run:exp02-20260910-030433 lifecycle.json summary.c.clientAge	n=1; one item on one fixture, 24.5 game-hours at time speed 30, dedicated server	settled		mechanism	docs/vanilla/food-item-model.md § Aging	facts/spoilage.md#writes
#0250	One forced syncing `updateAge` tick on the server advanced `age` by 0.000388.	M	run:exp02-20260910-030433 lifecycle.json summary.b.serverAgeAfterTick; run:exp02-20260910-030433 lifecycle.json summary.b.stateDiffAfterSet.age.server	n=1; one item on one fixture; the server was aging the item concurrently, so the tick's own contribution is not isolated	settled		mechanism	docs/vanilla/food-item-model.md § Aging	facts/spoilage.md#measured
#0251	The thaw rate does not reproduce: one run measured 47.25 per cent of `freezingTime` per game hour and a second run of the same script measured 67.8 per cent, against the code's 66.7 per cent at a thaw time of 1.5 hours.	M	jar:Food.updateFreezing @75–@122 L856–L865; run:exp02-20260910-030433 lifecycle.json summary.d.dFreezingTime	uncommitted: exp02-20260910-025434 the 67.8 per cent reading comes from a shakedown run with no artifact folder, at the same time speed and in the same container; do not quote a thaw number as measured without a third run	open		open	docs/vanilla/food-item-model.md § Aging; docs/vanilla/food-item-model.md § Open questions	facts/spoilage.md#open
#0252	Every measured aging reading on this page rests on sandbox `FoodRotSpeed` 3, `FridgeFactor` 3, `DaysForRottenFoodRemoval` -1 and `ElecShutModifier` 14.	M	run:exp02-20260910-030433 lifecycle.json sandbox	one-fixture; one live session on fixture default, dedicated server	settled		bound	docs/vanilla/food-item-model.md § Aging	facts/spoilage.md#walls
#0253	Across `updateAge`, `updateFreezing` and `updateRotting` the only item fields written are `age`, `lastAged`, `heat`, `freezingTime` with `frozen` through its setter, `lastFrozenUpdate`, and `fertilized` set to false.	C	jar:Food.updateAge(boolean) @0–@510 L736–L783; jar:Food.updateFreezing @75–@122 L856–L865; jar:Food.updateRotting @0–@226 L654–L694	none	settled		mechanism	docs/vanilla/food-item-model.md § Aging	facts/spoilage.md#writes
#0254	Aging never touches `hungChange`, `thirstChange`, `calories`, `carbohydrates`, `proteins`, `lipids`, `unhappyChange`, `boredomChange` or `stressChange`, so every rot effect is computed at read time by the `Food` getters.	M	jar:Food.updateAge(boolean) @0–@510 L736–L783; run:exp02-20260910-030433 lifecycle.json summary.a_rows	n=1; the measured confirmation is one item (Base.Steak) at four ages on one fixture	settled		mechanism	docs/vanilla/food-item-model.md § Aging	facts/spoilage.md#formula
#0255	A mod that wants rot to cost calories has to change the eat path or the read-time getters, because an item's stored macros are a pure function of its script values and how much of it has been eaten.	C	jar:Food.updateAge(boolean) @0–@510 L736–L783	inference; the consequence is our reasoning from the write set, not a measurement	settled		rule	docs/vanilla/food-item-model.md § Aging	areas/item-pass.md#route-options
#0256	The game has no separate oven or campfire class: `Food.update()` is the only cooking driver and an appliance contributes only through `ItemContainer.getTemprature()`.	C	jar:Food.update() @0–@1255 L359–L543	none	settled		mechanism	docs/vanilla/food-item-model.md § Cooking	facts/cooking-and-recipes.md#cook-block
#0257	`Food.update` recalculates the time multiplier, forces `cooked` for the already-cooked tag, updates temperature, ages the item when it is the server, and then, once per game minute while the item is cookable, unfrozen and above the heat gate, accumulates `cookingTime`, flips `cooked` and then `burnt`, rolls for a kitchen fire, and finally calls `updateRotting`.	C	jar:Food.update() @0–@1255 L359–L543	none	settled		order	docs/vanilla/food-item-model.md § Cooking	facts/cooking-and-recipes.md#cook-block
#0258	The whole cooking block is gated on the item being cookable and not frozen.	C	jar:Food.update @49–@60 L372; jar:Food.isCookable()Z @0 L2553	none	settled		mechanism	docs/vanilla/food-item-model.md § Cooking	facts/cooking-and-recipes.md#cook-block
#0259	The cooking block needs the item's own `heat` above 1.6, and the container must also be above 1.6 for the full rate.	M	jar:Food.update @63 L373; run:exp02-20260910-030433 lifecycle.json summary.e.heatAfter	n=1; one item on one fixture in a player inventory at container temperature 1.0, so only the residual-rate arm was measured	settled		mechanism	docs/vanilla/food-item-model.md § Cooking	facts/cooking-and-recipes.md#cook-block
#0260	The cooking block ticks once per distinct game minute.	C	jar:Food.update @86 L377	none	settled		mechanism	docs/vanilla/food-item-model.md § Cooking	facts/cooking-and-recipes.md#cook-block
#0261	Each cooking tick adds `heat` divided by 1.5 to `cookingTime`.	M	jar:Food.update @109 L382; run:exp02-20260910-030433 lifecycle.json phases.e_cooking.cook_update.cookingTime	n=1; one item on one fixture; the measured tick added 0.059658 against 0.059660 predicted at heat 1.78979 with the residual factor applied	settled		mechanism	docs/vanilla/food-item-model.md § Cooking	facts/cooking-and-recipes.md#cook-block
#0262	A cooking tick is multiplied by 0.05 when the container's own temperature is 1.6 or below, so a hot item in a cool container cooks at a twentieth of the rate.	M	jar:Food.update @118 L384-385; run:exp02-20260910-030433 lifecycle.json phases.e_cooking.burn_update.cookingTime	n=1; one item on one fixture in a player inventory at temperature 1.0; the burn tick added 0.061172 against 0.061171 predicted at heat 1.83512	settled		mechanism	docs/vanilla/food-item-model.md § Cooking	facts/cooking-and-recipes.md#cook-block
#0263	`cookingTime` above `minutesToCook` flips the item cooked.	M	jar:Food.update @186–@221 L397; run:exp02-20260910-030433 lifecycle.json summary.e.cooked	n=1; one item (Base.Steak, MinutesToCook 50) on one fixture, primed to 51 and ticked once with no appliance	settled		mechanism	docs/vanilla/food-item-model.md § Cooking	facts/cooking-and-recipes.md#cook-block
#0264	`cookingTime` above `minutesToBurn` sets `burnt` and clears `cooked`.	M	jar:Food.update @894–@913 L494–496; run:exp02-20260910-030433 lifecycle.json summary.e.burnt	n=1; one item (Base.Steak, MinutesToBurn 70) on one fixture, primed to 71 and ticked once with no appliance	settled		mechanism	docs/vanilla/food-item-model.md § Cooking	facts/cooking-and-recipes.md#cook-block
#0265	`setCooked(true)` and `setBurnt(true)` are ungated and sticky, and each also raises `cookingTime` to its own threshold when it is below, which is why an item that is not cookable can still be cooked.	C	jar:Food.setCooked @5–@28 L2590-2591; jar:Food.setBurnt @5–@28 L2601-2602	none	settled		mechanism	docs/vanilla/food-item-model.md § Cooking	facts/cooking-and-recipes.md#cook-block
#0266	On the cook transition and only when the item is not rotten, `ReplaceOnCooked` adds each named item with the condition states copied over, removes the original and returns from `Food.update`, so the item is replaced and never flagged cooked.	C	jar:Food.update @224–@412 L398–421	none	settled		mechanism	docs/vanilla/food-item-model.md § Key reference — all 114 script keys; docs/vanilla/food-item-model.md § Cooking	facts/cooking-and-recipes.md#cook-block
#0267	On the cook transition `RemoveNegativeEffectOnCooked` zeroes `thirstChange`, `unhappyChange` and `boredomChange` when each is positive, once and permanently, and leaves nutrition untouched.	C	jar:Food.update @578–@626 L451–459	none	settled		mechanism	docs/vanilla/food-item-model.md § Key reference — all 114 script keys; docs/vanilla/food-item-model.md § Cooking	facts/cooking-and-recipes.md#cook-block
#0268	For ten named rice, pasta, water-pot and bowl types the cook transition rewrites the age axis to `age` 0, `offAge` 1 and `offAgeMax` 2.	C	jar:Food.update @563–@575 L444–446	none	settled		mechanism	docs/vanilla/food-item-model.md § Cooking	facts/cooking-and-recipes.md#cook-block
#0269	On the cook transition in a microwave container a `BadInMicrowave` item gets `unhappyChange` 5, `boredomChange` 5 and `cookedInMicrowave` 1.	C	jar:Food.update @719–@752 L472–475	none	settled		mechanism	docs/vanilla/food-item-model.md § Key reference — all 114 script keys; docs/vanilla/food-item-model.md § Cooking	facts/cooking-and-recipes.md#cook-block
#0270	A cookable item loses its tainted flag once `cookingTime` passes the smaller of `minutesToCook` and 10, while a non-cookable container boils taint off at 1.0 per minute, or 0.2 with the residual factor, past 10.0.	C	jar:Food.update @156 L393–394; jar:Food.update @1155 L523	none	settled		mechanism	docs/vanilla/food-item-model.md § Cooking	facts/cooking-and-recipes.md#cook-block
#0271	The cook transition awards 10.0 Cooking experience, skipped for the no-cooking-experience tag or a rotten item.	C	jar:Food.update @755–@891 L478–487	none	settled		mechanism	docs/vanilla/food-item-model.md § Cooking	facts/cooking-and-recipes.md#cook-block
#0272	A kitchen fire needs the item burnt with `cookingTime` at least 50 and at least twice `minutesToCook` plus half `minutesToBurn`, then rolls a framerate-adjusted 1 in 200 per minute on a powered non-campfire grid, starting a fire of strength 500000 and clearing the item's cookable flag.	C	jar:Food.update @926–@1147 L503–517	none	settled		mechanism	docs/vanilla/food-item-model.md § Cooking	facts/cooking-and-recipes.md#cook-block
#0273	`getUnhappyChange` subtracts 2 when the item is `GoodHot`, cookable, cooked and above heat 1.3, and adds 2 when it is `BadCold`, cookable, cooked and below heat 1.3.	C	jar:Food.getUnhappyChange @124–@195 L1645–1649	none	settled		mechanism	docs/vanilla/food-item-model.md § Key reference — all 114 script keys; docs/vanilla/food-item-model.md § Cooking	facts/cooking-and-recipes.md#cook-block
#0274	`getHeat()` returns the raw `Food.heat`, on which 1.0 is ambient and 0.2 a powered fridge, while the inventory remap is half of heat less one above 1 and one less heat less 0.2 over 0.8 below it.	C	jar:Food.getHeat()F; jar:Food.getInvHeat()F	C-only; the source gives no bytecode offset for either getter	settled		mechanism	docs/vanilla/food-item-model.md § Cooking	facts/cooking-and-recipes.md#cook-block
#0275	`IsoStove.getCurrentTemperature()` returns the stove temperature plus 100 over 100, so an item needs a stove above 60 to pass the heat gate, while a microwave jumps straight to its maximum temperature.	C	jar:IsoStove.getCurrentTemperature	arith.; the 60 threshold is derived from the ramp formula and the source gives no bytecode offset for the getter	settled		mechanism	docs/vanilla/food-item-model.md § Cooking	facts/cooking-and-recipes.md#cook-block
#0276	Both cooking transitions were reproduced with no appliance at all, on one steak in a player's inventory primed server-side with heat 2.0, a reset cook minute and a `cookingTime` one minute past the threshold.	M	run:exp02-20260910-030433 lifecycle.json phases.e_cooking	one-fixture; n=1, one item, one live session, container temperature 1.0 throughout	settled		bound	docs/vanilla/food-item-model.md § Cooking	facts/cooking-and-recipes.md#walls
#0277	Cooking and burning leave an item's stored nutrition untouched: 220 kcal before and after and a raw `hungChange` still -0.4, while the read-time `getHungerChange` drops to -0.133333 on the burnt item.	M	run:exp02-20260910-030433 lifecycle.json summary.e.caloriesAfter; run:exp02-20260910-030433 lifecycle.json summary.e.hungChangeAfter	n=1; one item (Base.Steak) on one fixture, one cook and one burn transition	settled		mechanism	docs/vanilla/food-item-model.md § Cooking	facts/cooking-and-recipes.md#type-change
#0278	An item's `heat` cannot be held at a requested value: `Food.update` runs the temperature update and the aging call before the cooking block and the game's own tick does the same between commands, so a requested 2.0 read back as 1.84703 and fell to 1.78979 inside one explicit update.	M	jar:Food.update @19 L364-365; run:exp02-20260910-030433 lifecycle.json phases.e_cooking.cook_update.heat	n=1; one item on one fixture; a longer cooking experiment needs a real appliance	settled		bound	docs/vanilla/food-item-model.md § Cooking	facts/cooking-and-recipes.md#walls
#0279	`media/scripts/generated/evolvedrecipes.txt` holds 62 `evolvedrecipe` blocks.	C	data:media/scripts/generated/evolvedrecipes.txt 2026-09-10	snapshot 2026-09-10	settled		count	docs/vanilla/food-item-model.md § Evolved recipes	reference/datasets.md#counts
#0280	`Item.OnScriptsLoaded` attaches an item's `EvolvedRecipe` key to the recipe whose name matches and to every recipe whose `Template` equals that key.	C	jar:Item.OnScriptsLoaded @0–@234 L3029–L3047	none	settled		mechanism	docs/vanilla/food-item-model.md § Evolved recipes	facts/cooking-and-recipes.md#evolved-join
#0281	An `EvolvedRecipe` key that matches no recipe name and no template throws `InvalidParameterException`.	C	jar:Item.OnScriptsLoaded @0–@234 L3029–L3047	none	settled		mechanism	docs/vanilla/food-item-model.md § Evolved recipes	facts/cooking-and-recipes.md#evolved-join
#0282	The `evolvedrecipe` block takes twelve keys — `BaseItem`, `Name`, `ResultItem`, `Cookable` on 44 blocks, `MaxItems`, `AddIngredientIfCooked` on 37, `AddIngredientSound` on 11, `CanAddSpicesEmpty` on 42, `Template`, `MinimumWater` on 20, and `IsHidden` and `AllowFrozenItem`, which the loader recognises and no block uses.	C	data:media/scripts/generated/evolvedrecipes.txt 2026-09-10	snapshot 2026-09-10; counted over the 62 blocks on 42.20.4	settled		count	docs/vanilla/food-item-model.md § Evolved recipes	facts/cooking-and-recipes.md#evolved-join
#0283	`EvolvedRecipe.addItem` turns the base into the result item with zeroed macros, re-seeds them from the base food, carries the base's age across proportionally, and then per ingredient computes the hunger it spends, clamps it to the ingredient, shrinks it by 3 per cent per Cooking level, derives a share, adds the ingredient's macros times the skill bonus times that share to the dish, and removes the macros times that share from the ingredient.	C	jar:EvolvedRecipe.addItem @0–@1928 L265–L487	none	settled		order	docs/vanilla/food-item-model.md § Evolved recipes	facts/cooking-and-recipes.md#evolved
#0284	Phase A of the summation zeroes the result item's macros and then re-seeds them from the base food itself, so a pot of water contributes its own values.	C	jar:EvolvedRecipe.addItem @0–@1928 L265–L487	none	settled		mechanism	docs/vanilla/food-item-model.md § Evolved recipes	facts/cooking-and-recipes.md#evolved
#0285	The dish's age is carried across proportionally as the new `offAgeMax` times the old `age` over the old `offAgeMax`, and only when both items have real thresholds.	C	jar:EvolvedRecipe.addItem @0–@1928 L265–L487	none	settled		mechanism	docs/vanilla/food-item-model.md § Evolved recipes	facts/cooking-and-recipes.md#evolved
#0286	An ingredient's `Name:use` points are hunger points: the summation divides `use` by 100 to get the hunger that ingredient spends.	M	jar:EvolvedRecipe.addItem @518 L333; run:exp02-20260910-030433 lifecycle.json summary.f[0].ingredients	n=1; two ingredients in one dish at two Cooking levels on one fixture	settled		mechanism	docs/vanilla/food-item-model.md § Key reference — all 114 script keys; docs/vanilla/food-item-model.md § Evolved recipes	facts/cooking-and-recipes.md#evolved
#0287	A rotten ingredient spends 0.05 of the base's hunger at Cooking 7 or 8 and 0.10 at Cooking 9 or 10, and is refused below Cooking 7.	C	jar:EvolvedRecipe.addItem @800–@915 L366–369	none; the rounding is the decimal format's half-even mode	settled		mechanism	docs/vanilla/food-item-model.md § Evolved recipes	facts/cooking-and-recipes.md#evolved
#0288	The hunger an ingredient spends is clamped to the absolute value of its own `getHungerChange()` before the Cooking reduction, so a key that asks for more hunger than the ingredient carries can only ever spend the whole ingredient.	C	jar:EvolvedRecipe.addItem @934 L374–376	none	settled		mechanism	docs/vanilla/food-item-model.md § Evolved recipes	facts/cooking-and-recipes.md#evolved
#0289	Seventeen vanilla `EvolvedRecipe` keys ask for more hunger than the ingredient carries, across 59 of the 6 881 ingredient rows of the evolved-recipe dataset.	C	data:data/evolved-recipes.json 2026-09-10	snapshot 2026-09-10	settled		count	docs/vanilla/food-item-model.md § Evolved recipes	reference/datasets.md#counts
#0290	The hunger an ingredient spends shrinks by 3 per cent per Cooking level, so 70 per cent of the ingredient is consumed at Cooking 10.	M	jar:EvolvedRecipe.addItem @1142 L401; run:exp02-20260910-030433 lifecycle.json summary.f[1].ingredients[0].share; wiki:references/wiki-mirrors/cooking.md 42.18.0	n=1; one dish at two Cooking levels on one fixture, lettuce share 0.33333 at level 0 against 0.23333 at level 10	settled		mechanism	docs/vanilla/food-item-model.md § Evolved recipes	facts/cooking-and-recipes.md#evolved
#0291	The share an ingredient gives up is the smaller of 1 and the absolute ratio of the skill-shrunk hunger to the ingredient's own stored hunger, so it is capped at the whole ingredient.	M	jar:EvolvedRecipe.addItem @1159 L402–404; run:exp02-20260910-030433 lifecycle.json summary.f[0].ingredients[1].share	n=1; two ingredients at two Cooking levels on one fixture, with the share below 1 in every arm	settled		mechanism	docs/vanilla/food-item-model.md § Evolved recipes	facts/cooking-and-recipes.md#evolved
#0292	The skill bonus is 1 plus the Cooking level over 15, so 1.0 at Cooking 0 and 1.6667 at Cooking 10.	M	jar:EvolvedRecipe.addItem @1217 L411; run:exp02-20260910-030433 lifecycle.json summary.f[1].skillBonus	n=1; two Cooking levels on one fixture	settled		mechanism	docs/vanilla/food-item-model.md § Evolved recipes	facts/cooking-and-recipes.md#evolved
#0293	Macros per unit of dish hunger scale by the skill bonus times one less 0.03 times the Cooking level while the share is below 1, which is 1.0 at Cooking 0 and 1.1667 at Cooking 10.	M	jar:EvolvedRecipe.addItem @1217 L411; run:exp02-20260910-030433 lifecycle.json summary.f[1].result.calories; wiki:references/wiki-mirrors/cooking.md 42.18.0	n=1; one dish at two Cooking levels on one fixture, with the share below 1 in both	settled		mechanism	docs/vanilla/food-item-model.md § Evolved recipes	facts/cooking-and-recipes.md#evolved
#0294	That same factor is 1.168 at Cooking 9, so Cooking 10 is fractionally worse than Cooking 9.	C	jar:EvolvedRecipe.addItem @1217 L411; wiki:references/wiki-mirrors/cooking.md 42.18.0	arith.; computed from the two expressions and not measured at level 9	settled		mechanism	docs/vanilla/food-item-model.md § Evolved recipes	facts/cooking-and-recipes.md#evolved
#0295	The dish gains an ingredient's macros times the skill bonus times the share while the ingredient loses only the macros times the share, so the gain-to-loss ratio is the skill bonus, up to 1.6667 at Cooking 10.	M	jar:EvolvedRecipe.addItem @1228 L412; jar:EvolvedRecipe.addItem @1429–@1486 L428–431; run:exp02-20260910-030433 lifecycle.json summary.f[1].ingredients	n=1; one dish with two ingredients at two Cooking levels on one fixture	settled		mechanism	docs/vanilla/food-item-model.md § Evolved recipes	facts/cooking-and-recipes.md#evolved
#0296	A `Spice` ingredient takes the spice branch: no hunger and no macro transfer, it does not count against `MaxItems`, and it may be added once per dish.	C	jar:EvolvedRecipe.addItem @582–@775 L336–L359	none	settled		mechanism	docs/vanilla/food-item-model.md § Key reference — all 114 script keys; docs/vanilla/food-item-model.md § Evolved recipes	facts/cooking-and-recipes.md#evolved
#0297	A herbal-tea ingredient additionally sums `foodSicknessChange` capped at 12, `painReduction`, `fluReduction`, `stressChange` and `reduceInfectionPower` onto the dish.	C	jar:EvolvedRecipe.addItem @679–@692 L344	none	settled		mechanism	docs/vanilla/food-item-model.md § Evolved recipes	facts/cooking-and-recipes.md#evolved
#0298	A dish's `unhappyChange` is the unmodified value less five less five per duplicate, clamped at plus 25, with a further over-stuffing term once the extra-item count less two exceeds the chef's Cooking level.	C	jar:EvolvedRecipe.addItem @0–@1928 L265–L487	none	settled		mechanism	docs/vanilla/food-item-model.md § Evolved recipes	facts/cooking-and-recipes.md#evolved
#0299	A dish's `boredomChange` is zeroed once in phase A and never touched again.	C	jar:EvolvedRecipe.addItem @0–@1928 L265–L487	none	settled		mechanism	docs/vanilla/food-item-model.md § Evolved recipes	facts/cooking-and-recipes.md#evolved
#0300	An ingredient is refused when its `use` is -1, when it is burnt, when it is rotten and the chef is below Cooking 7, when it is frozen and the recipe does not set `AllowFrozenItem`, when it is dangerous uncooked and uncooked and the result is not cookable, when it is not a spice and the extra-item list has reached `MaxItems`, or when `MinimumWater` exceeds the water in the base's fluid container.	C	jar:EvolvedRecipe.checkItemCanBeUse; jar:EvolvedRecipe.addItem @0–@1928 L265–L487	none; AllowFrozenItem is never set in vanilla, and the source gives no bytecode offset for the usability check	settled		mechanism	docs/vanilla/food-item-model.md § Evolved recipes	facts/cooking-and-recipes.md#evolved-join
#0301	A Salad built from a bowl, a lettuce and a tomato banks 24.999998 kcal, 5.193333 carbohydrates, 0.28 lipids and 2.283333 proteins at Cooking 0 and 29.166666, 6.058888, 0.326667 and 2.663889 at Cooking 10, matching the summation to six decimal places.	M	run:exp02-20260910-030433 lifecycle.json summary.f	n=1; one dish, two Cooking levels, fresh ingredients per round, the perk pinned on the server, share below 1 in every arm	settled		mechanism	docs/vanilla/food-item-model.md § Evolved recipes	facts/cooking-and-recipes.md#evolved
#0302	Cooking skill does not change a dish's hunger: the same Salad reads a stored hunger of -0.11 at Cooking 0 and at Cooking 10.	M	run:exp02-20260910-030433 lifecycle.json summary.f[0].result.hungChange; run:exp02-20260910-030433 lifecycle.json summary.f[1].result.hungChange	n=1; one dish at two Cooking levels on one fixture	settled		mechanism	docs/vanilla/food-item-model.md § Evolved recipes	facts/cooking-and-recipes.md#evolved
#0303	A dish's `thirstChange` scales with the skill bonus times the share, measured at -0.063333 at Cooking 0 and -0.073889 at Cooking 10.	M	jar:EvolvedRecipe.addItem @1316 L416; run:exp02-20260910-030433 lifecycle.json summary.f[1].result.thirstChange	n=1; one dish at two Cooking levels on one fixture; the transfer is skipped for the dried-food tag	settled		mechanism	docs/vanilla/food-item-model.md § Evolved recipes	facts/cooking-and-recipes.md#evolved
#0304	68 kcal of ingredients produce 68.0 kcal of outputs at Cooking 0 and 79.667 kcal at Cooking 10, a 17.2 per cent gain the summation creates from nothing.	M	run:exp02-20260910-030433 lifecycle.json summary.f	n=1; one dish with two ingredients at two Cooking levels on one fixture; the totals are summed from the measured per-item values	settled		mechanism	docs/vanilla/food-item-model.md § Evolved recipes	facts/cooking-and-recipes.md#evolved
#0305	A level-10 cook moves 1.667 times the macros per unit of hunger that a level-0 cook does.	C	jar:EvolvedRecipe.addItem @1217 L411	C-only; a code reading of the summation made before the measured run and recorded in the slice-02 plan notes, which the Phase 4 cut deletes	superseded	#0293	mechanism	docs/vanilla/food-item-model.md § Evolved recipes	
#0306	`Packaged` is copied onto the instance and readable as `Food.isPackaged()`, which has no Java caller in the jar and no vanilla Lua reader, so it is a pure marker for scripts and mods.	C	jar:Food.isPackaged()Z @0 L2147; jar:Item.InstanceItem @781–@787 L1582	C-only; a whole-jar reverse-reference scan plus a grep of the vanilla Lua tree, so a reader outside those would not show	settled		mechanism	docs/vanilla/food-item-model.md § Key reference — all 114 script keys; docs/vanilla/food-item-model.md § Packaging, cans and `ReplaceOnUse`	facts/spoilage.md#sealed
#0307	`CannedFood` is never copied onto the instance and has no getter: it is read only off the script object, by `InventoryItem.getStringItemType()`, by `ItemPickerJava.getLootType`, which maps it to the canned-food loot sandbox modifier, and by the spawn-rot exemption.	C	jar:InventoryItem.getStringItemType @38–@47 L3984-3985; jar:ItemPickerJava.rotItem @17–@28 L2247	none	settled		mechanism	docs/vanilla/food-item-model.md § Key reference — all 114 script keys; docs/vanilla/food-item-model.md § Packaging, cans and `ReplaceOnUse`	facts/spoilage.md#sealed
#0308	Not one sealed can declares `DaysFresh`, so `offAge` and `offAgeMax` stay at the 1000000000 sentinel, `canAge()` is false and `updateRotting` returns at once: a sealed can never rots and is never removed.	C	jar:Food.updateRotting @0–@12 L654-655; data:media/scripts/generated/items/food.txt 2026-09-10	snapshot 2026-09-10; all 21 sealed cans on 42.20.4	settled		mechanism	docs/vanilla/food-item-model.md § Packaging, cans and `ReplaceOnUse`	facts/spoilage.md#sealed
#0309	Opening a can is what starts its clock: the opened variants declare the `DaysFresh` and `DaysTotallyRotten` thresholds the sealed item lacks, along with `HungerChange`, `EvolvedRecipe`, a tin-can `ReplaceOnUse` and `IsCookable`.	C	data:media/scripts/generated/items/food.txt:3644 2026-09-10	snapshot 2026-09-10	settled		mechanism	docs/vanilla/food-item-model.md § Packaging, cans and `ReplaceOnUse`	facts/spoilage.md#sealed
#0310	Home canning rewrites the age axis on the cook transition, setting `offAgeMax` to 1560 and `offAge` to 730 and rescaling `age` by the old ratio of age to `offAgeMax` — about two years to stale and 4.3 years to rotten, with the fraction consumed preserved.	C	jar:RecipeCodeOnCooked.cannedFood L11–L15	none	settled		mechanism	docs/vanilla/food-item-model.md § Packaging, cans and `ReplaceOnUse`	facts/spoilage.md#sealed
#0311	`ReplaceOnUse` names the leftover container: the eat action's custom-weight branch uses the replacement's weight as its floor, and the inventory context menu and the dump-contents action build the replacement.	C	lua:media/lua/client/ISUI/ISInventoryPaneContextMenu.lua:4079 "if item:getReplaceOnUse() then"; lua:media/lua/shared/TimedActions/ISDumpContentsAction.lua:70-71 "if item:getReplaceOnUse() then"	none	settled		mechanism	docs/vanilla/food-item-model.md § Packaging, cans and `ReplaceOnUse`	facts/spoilage.md#sealed
#0312	On 42.20.4 `food.txt` carries 41 blocks with `CannedFood` true, 21 of them sealed with `CantEat` also true and 20 openable or opened, 127 blocks with `Packaged` true and 2 with it false plus 2 more in `drainable.txt`, and 10 blocks whose `OnCooked` is the home-canning code.	C	data:media/scripts/generated/items/food.txt 2026-09-10; data:media/scripts/generated/items/drainable.txt 2026-09-10	snapshot 2026-09-10; re-counted directly from food.txt	settled		count	docs/vanilla/food-item-model.md § Packaging, cans and `ReplaceOnUse`	reference/datasets.md#counts
#0313	`food.txt` holds 129 blocks with `Packaged` true, 22 sealed cans and 89 blocks whose `OnCooked` is the home-canning code.	C	data:media/scripts/generated/items/food.txt 2026-09-10	C-only; a first pass over food.txt recorded in the slice-02 plan notes, which the Phase 4 cut deletes, superseded by a direct re-count on 42.20.4	superseded	#0312	count	docs/vanilla/food-item-model.md § Packaging, cans and `ReplaceOnUse`	
#0314	Seventeen of the 21 sealed cans declare an `OpeningRecipe`, and 19 of the 20 openable canned items declare rot thresholds — 2 and 4 days on eleven, 5 and 7 on five, 3 and 5 on two and 4 and 7 on one — while `CannedMilk` declares neither and so never ages.	C	data:media/scripts/generated/items/food.txt 2026-09-10	snapshot 2026-09-10	settled		count	docs/vanilla/food-item-model.md § Packaging, cans and `ReplaceOnUse`	reference/datasets.md#counts
#0315	Of the 127 `food.txt` blocks that set `Packaged` true, 52 carry `DaysFresh` and 75 do not, and 225 of the 722 `base:food` blocks declare no `DaysFresh` at all and therefore never age.	C	data:media/scripts/generated/items/food.txt 2026-09-10	snapshot 2026-09-10	settled		count	docs/vanilla/food-item-model.md § Packaging, cans and `ReplaceOnUse`	reference/datasets.md#counts
#0316	A mod that wants sealed semantics should key off `getOffAgeMax()` still holding 1000000000, or off the `CannedFood` and `CantEat` pair, never off `isPackaged()`.	C	jar:Food.isPackaged()Z @0 L2147; jar:Food.canAge @4 L2577	inference; the rule follows from the counts and the sentinel rather than from a measurement	settled		rule	docs/vanilla/food-item-model.md § Packaging, cans and `ReplaceOnUse`	facts/spoilage.md#sealed
#0317	`PoisonPower` parses into the instance's poison power, is set by four `food.txt` blocks and no drainable block, and is read by the eat-time body-damage path, by the evolved summation and by `ItemStatsPacket`.	C	jar:Item.DoParam @463–@477 L2011; jar:EvolvedRecipe.addItem @1866 L475	snapshot 2026-09-10; the occurrence counts are a dated read of the two generated script files	settled		mechanism	docs/vanilla/food-item-model.md § Poison	facts/food-item-model.md#poison
#0318	`Poison` parses into an instance field but `Food.isPoison()` has no Java and no vanilla-Lua caller — it is exposed to Kahlua only — and no shipped item sets the key.	C	jar:Food.isPoison()Z @0 L1909; jar:Item.DoParam @388–@405	C-only; a whole-jar reverse-reference scan plus a grep of the vanilla Lua tree, so a reader outside those would not show	settled		mechanism	docs/vanilla/food-item-model.md § Key reference — all 114 script keys; docs/vanilla/food-item-model.md § Poison	facts/food-item-model.md#poison
#0319	`PoisonDetectionLevel` parses into an instance field, is set by no shipped item, and is read by the character's known-poison check, the used-item properties, the poison copy helper, `ItemStatsPacket.setData`, the poison transfer and the forage icon.	C	jar:Item.DoParam @439–@453; lua:media/lua/client/Foraging/ISForageIcon.lua:25 "data.poisonDetectionLevel = item:getPoisonDetectionLevel();"	none	settled		mechanism	docs/vanilla/food-item-model.md § Poison	facts/food-item-model.md#poison
#0320	`UseForPoison` parses into an instance field, is set by no shipped item, and its getter has no Java and no vanilla-Lua caller although the value is serialised under bit 131072 in the item's save and load.	C	jar:Item.DoParam @487–@501; jar:Food.getUseForPoison()I	C-only; a whole-jar reverse-reference scan plus a grep of the vanilla Lua tree, and the source gives no bytecode offset for the getter	settled		mechanism	docs/vanilla/food-item-model.md § Key reference — all 114 script keys; docs/vanilla/food-item-model.md § Poison	facts/food-item-model.md#poison
#0321	Poisoning a dish accumulates `poisonDetectionLevel` with a cap of 10, transfers `poisonPower` whole and zeroes the source item, writes the chef's name into the dish's modData under an added-poison-by key, and writes the event to the user log.	C	jar:EvolvedRecipe.addPoison @0 L526	none	settled		mechanism	docs/vanilla/food-item-model.md § Poison	facts/food-item-model.md#poison
#0322	The sandbox option `EnablePoisoning` gates only the user-interface path: a value of 2 disables poisoning entirely and 3 disables it for bleach.	C	lua:media/lua/client/ISUI/ISInventoryPaneContextMenu.lua:4272 "if SandboxVars.EnablePoisoning == 2 then disablePoison = true end;"; lua:media/lua/client/ISUI/ISInventoryPaneContextMenu.lua:4288 "SandboxVars.EnablePoisoning == 3 and evoItem and evoItem:getType()"	none	settled		mechanism	docs/vanilla/food-item-model.md § Poison	facts/food-item-model.md#poison
#0323	`Item.InstanceItem(String)` copies the script fields onto the `Food` instance, dividing `HungerChange` and `ThirstChange` by 100 and inverting `CantBeFrozen` into a can-be-frozen setter.	C	jar:Item.InstanceItem @546–@595; jar:Item.InstanceItem @790–@804 L1583	none	settled		mechanism	docs/vanilla/food-item-model.md § Key reference — all 114 script keys; docs/vanilla/food-item-model.md § Code map	facts/food-item-model.md#script-keys
#0324	`InventoryItem.update()` is called by the cell's item processing for world and container items and by the character's recursive item updater for every non-zombie character's inventory, once per tick and with no side guard.	C	jar:IsoCell.ProcessItems; jar:IsoGameCharacter.recursiveItemUpdater	C-only; the source gives no bytecode offsets for either caller	settled		mechanism	docs/vanilla/food-item-model.md § Code map	facts/spoilage.md#writes
#0325	The timed action's call of the recipe's add-item method is the only Lua-to-Java bridge into the evolved summation.	C	lua:media/lua/shared/TimedActions/ISAddItemInRecipe.lua:70 "self.baseItem = self.recipe:addItem(self.baseItem, self.usedItem, self.character);"	none	settled		mechanism	docs/vanilla/food-item-model.md § Code map	facts/cooking-and-recipes.md#evolved
#0326	The evolved-recipe context menu is three sites in the inventory pane's context menu: the probe that asks whether any evolved recipe applies, the submenu build, and the action queue that starts the add.	C	lua:media/lua/client/ISUI/ISInventoryPaneContextMenu.lua:332 "tests.evorecipe = RecipeManager.getEvolvedRecipe(testItem, playerObj, containerList, true)"; lua:media/lua/client/ISUI/ISInventoryPaneContextMenu.lua:2372 "ISInventoryPaneContextMenu.onAddItemInEvoRecipe = function(recipe, baseItem, usedItem, player)"	none	settled		mechanism	docs/vanilla/food-item-model.md § Code map	facts/cooking-and-recipes.md#evolved-join
#0327	The container hooks that fire when an item is added to or removed from a container are gated on the process being a server too, so the server owns a food item's entire lifecycle.	C	jar:Food.OnAddedToContainer @0–@7 L2518-L2519; jar:Food.OnBeforeRemoveFromContainer @0–@7 L2525-L2526	none	settled		mechanism	docs/vanilla/food-item-model.md § The three state axes; docs/vanilla/food-item-model.md § MP behaviour	platform/mp-model.md#ownership
#0328	The server flag is written in only two places, the server's own entry point and the game window's main-thread init when the server launch argument is true, so it is true only in a dedicated or host server process.	C	jar:GameWindow.mainThreadInit @345 L654	none	settled		mechanism	docs/vanilla/food-item-model.md § MP behaviour	platform/mp-model.md#ownership
#0329	Both item-stats sends inside the cooking block are gated on the process being a server.	C	jar:Food.update() @0–@1255 L359–L543	none	settled		mechanism	docs/vanilla/food-item-model.md § MP behaviour	platform/mp-model.md#routes-server-to-client
#0330	The game offers no client-to-server item-stats push: `sendItemStats` is server-originated and has no client-side counterpart, so a client cannot send an item stat field back to the server.	C	jar:GameServer.sendItemStats	C-only; a reverse-reference scan over `sendItemStats` alone, which is server-originated with no client-side counterpart; the absence is of an item-stats push and does not cover `syncItemFields()`, a separate client-to-server route carrying its own item fields; corroborated by the item-state ownership spike, whose own runs left no artifact folder; the source gives no bytecode offset for the sender	settled		mechanism	docs/vanilla/food-item-model.md § MP behaviour	platform/mp-model.md#routes-client-to-server
#0331	An item's save and load write `age`, `lastAged`, `offAge`, `offAgeMax`, `freezingTime`, `lastFrozenUpdate`, `rottenTime` and `compostTime` under a bit-flag scheme.	C	jar:Food.save; jar:Food.load	C-only; the source gives no bytecode offsets for either method	settled		mechanism	docs/vanilla/food-item-model.md § MP behaviour	platform/mp-model.md#shapes
#0332	The multiplayer carriers of an item's serialized blob are the client's item-list and inventory-get receivers, the server's inventory-update receiver, the world inventory object's load, the equip packet, the trading add-item packet and the identical-item compressor, so age travels only when the whole item is retransmitted and never when its stats change.	C	jar:GameClient.receiveSendItemListNet; jar:GameServer.receiveInvMngUpdateItem	C-only; the source gives no bytecode offsets for the carriers	settled		mechanism	docs/vanilla/food-item-model.md § MP behaviour	platform/mp-model.md#routes-server-to-client
#0333	A reverse-reference scan for callers of `setAge` returns no packet class at all.	C	jar:InventoryItem.setAge	C-only; a whole-jar reverse-reference scan, and the source gives no bytecode offset for the setter	settled		mechanism	docs/vanilla/food-item-model.md § MP behaviour	facts/wire-packets.md#item-stats-packet
#0334	`ItemStatsPacket.setData` populates 43 distinct packet fields and `write` puts exactly those 43 on the wire, of which two are addressing and two are presence flags that are pure gates in the receiver and are never applied to the item, leaving 39 item-state values.	C	jar:ItemStatsPacket.setData(Object[]) @0–@566 L153–L229; jar:ItemStatsPacket.write(ByteBufferWriter) @0–@875 L233–L363; jar:ItemStatsPacket.applyItemStats @31–@34 L524; jar:ItemStatsPacket.applyItemStats @71–@74 L529	none	settled		count	docs/vanilla/food-item-model.md § Code map; docs/vanilla/food-item-model.md § MP behaviour	facts/wire-packets.md#item-stats-packet
#0335	`isCustomName` is not a presence flag: it is read off the item, `write` uses it only to decide whether the 16777216 bit-header flag is added while the name itself goes on the wire unconditionally, and the receiver applies it through the item's custom-name setter.	C	jar:ItemStatsPacket.setData @478–@484 L214; jar:ItemStatsPacket.write @813–@823 L351–L352; jar:ItemStatsPacket.applyItemStats @337–@340 L563	none	settled		mechanism	docs/vanilla/food-item-model.md § MP behaviour	facts/wire-packets.md#item-stats-packet
#0336	The receiver applies 40 of the 43 packet fields: besides the two addressing fields, `uses` is written but never applied, because the receiving side rebuilds it from the used delta times the maximum uses only inside the drainable-combo branch and drops the wire value for any other item.	C	jar:ItemStatsPacket.applyItemStats @0–@427 L520–L577; jar:ItemStatsPacket.applyItemStats @8–@27 L521–L522	none	settled		count	docs/vanilla/food-item-model.md § MP behaviour	facts/wire-packets.md#item-stats-packet
#0337	`setData` writes the heat packet field twice, from the item heat getter and then from the food heat getter which overwrites it for any food, `write` emits it once, and the receiver applies it into both the item heat and the food heat, while `customName` and `name` remain two distinct packet fields.	C	jar:ItemStatsPacket.setData @153–@158 L176; jar:ItemStatsPacket.setData @197–@203 L181; jar:ItemStatsPacket.write @75 L245; jar:ItemStatsPacket.applyItemStats @64–@67 L528; jar:ItemStatsPacket.applyItemStats @100–@103 L533	none	settled		mechanism	docs/vanilla/food-item-model.md § MP behaviour	facts/wire-packets.md#item-stats-packet
#0338	`ItemStatsPacket.write` puts twenty of its value fields on the wire only behind a bit-header flag and `parse` mirrors each guard, so a skipped field is simply not read: the table gives all twenty with the guard each sits behind — eighteen a plain non-zero test, `poisonDetectionLevel` a test against -1 and `fertilizedTime` the fertilized boolean — and the flag each one carries, read on 42.20.4.	C	jar:ItemStatsPacket.write @162–@186 L261–L263; jar:ItemStatsPacket.write @0–@875 L233–L363; jar:ItemStatsPacket.parse @172–@188 L390–L391	C-only; the twenty guards are a read of the write and parse methods on 42.20.4	settled		table	docs/vanilla/food-item-model.md § A zero-valued packet field can arrive carrying another item's value	facts/wire-packets.md#item-stats-packet
#0339	The receiver applies unconditionally: the cooking-time setter is one of 31 food setters that run with no guard beyond the single is-food test, so whatever the field holds is written onto the item.	C	jar:ItemStatsPacket.applyItemStats @122–@127 L536; jar:ItemStatsPacket.applyItemStats @70–@74 L529	none	settled		mechanism	docs/vanilla/food-item-model.md § A zero-valued packet field can arrive carrying another item's value	facts/wire-packets.md#item-stats-packet
#0340	`ItemStatsPacket` has no reset: its whole method list is the constructor, `setData`, `write`, `parse`, the two process methods and `applyItemStats`, and nothing zeroes it between uses.	C	jar:ItemStatsPacket.<init>	C-only; read off the class's method list, and the source gives no bytecode offset for the constructor	settled		mechanism	docs/vanilla/food-item-model.md § A zero-valued packet field can arrive carrying another item's value	platform/mp-model.md#cached-packet
#0341	The receiver reuses one packet object per type: the client packet dispatcher fetches the instance from the connection's packet cache and allocates a fresh one only when the packet says it is postponed or asks to be instantiated, and both default to false while `ItemStatsPacket` overrides neither.	C	jar:PacketTypes$PacketType.onClientPacket @33–@40 L1002; jar:PacketsCache.getPacket @0–@11 L41; jar:INetworkPacket.isPostponed L70; jar:INetworkPacket.shouldInstantiate L79	none	settled		mechanism	docs/vanilla/food-item-model.md § A zero-valued packet field can arrive carrying another item's value	platform/mp-model.md#cached-packet
#0342	The sender is clean: `setData` refreshes every field off the item and clears its two lists, so a stale value can only live on the receiving object.	C	jar:ItemStatsPacket.setData @224–@230 L184	none	settled		mechanism	docs/vanilla/food-item-model.md § A zero-valued packet field can arrive carrying another item's value	platform/mp-model.md#cached-packet
#0343	Any conditionally-written packet field that is zero on the sender arrives carrying whatever the last packet that did set it left behind, and the receiver writes that value onto the item.	C	jar:ItemStatsPacket.write @162–@186 L261–L263; jar:ItemStatsPacket.parse @172–@188 L390–L391; jar:ItemStatsPacket.applyItemStats @122–@127 L536; jar:PacketsCache.getPacket @0–@11 L41	none	settled		mechanism	docs/vanilla/food-item-model.md § A zero-valued packet field can arrive carrying another item's value	platform/mp-model.md#cached-packet
#0344	`extraItems` and `spices` are conditionally written but `parse` clears both before the flag test, and `poisonPower`'s bit-header flag is added unconditionally, so none of the three can carry a stale value.	C	jar:ItemStatsPacket.parse @546–@550 L445; jar:ItemStatsPacket.parse @599–@603 L452; jar:ItemStatsPacket.write @570–@584 L320-321	none	settled		mechanism	docs/vanilla/food-item-model.md § A zero-valued packet field can arrive carrying another item's value	facts/wire-packets.md#item-stats-packet
#0345	The seven pure booleans — frozen, tainted, cooked, burnt, alcoholic, custom-name and fertilized — are re-derived from the bit header on every parse, and `condition`, `uses`, `usedDelta`, `heat`, `name` and `actualWeight` are written outside the bit header altogether, so none of them can carry a stale value.	C	jar:ItemStatsPacket.write @0–@875 L233–L363; jar:ItemStatsPacket.parse @172–@188 L390–L391	none	settled		mechanism	docs/vanilla/food-item-model.md § A zero-valued packet field can arrive carrying another item's value	facts/wire-packets.md#item-stats-packet
#0346	An apple synced immediately after a steak arrived on the client carrying the steak's `cookingTime` of 71.119644, a value the apple had held on neither side, while its own non-zero `minutesToCook` 60 and `minutesToBurn` 120 arrived correctly.	M	run:exp02-20260910-030433 lifecycle.json summary.g.stateDiffAfterAge.cookingTime	n=1; one item pair on one fixture, the same item id on both sides with an empty baseline diff and a single field diverging; it reproduced in an uncommitted shakedown run and survived cooling the steak below the cooking gate	settled		mechanism	docs/vanilla/food-item-model.md § A zero-valued packet field can arrive carrying another item's value	facts/wire-packets.md#desyncs
#0347	The item packet's per-field contract lists twelve fields and field groups with the owning side and whether the item-stats packet carries each, recording that `age`, `offAge`, `offAgeMax`, `freezingTime`, `lastAged` and the rotten field never travel while `calories`, `burnt`, `cookingTime`, `heat`, `cooked`, `frozen`, the four macros and the mood deltas do.	M	jar:ItemStatsPacket.setData(Object[]) @0–@566 L153–L229; run:exp02-20260910-030433 lifecycle.json summary.g	n=1; only five of the twelve rows were made to differ in a run and the rest are code readings	settled		table	docs/vanilla/food-item-model.md § A zero-valued packet field can arrive carrying another item's value	facts/wire-packets.md#item-stats-packet
#0348	A server-side `age` never reaches the client: with the server at 3.250943, 3.251331 and 3.5 the client read 0 after an explicit stats send, after a syncing aging call and after a full accelerated game day.	M	run:exp02-20260910-030433 lifecycle.json summary.b.stateDiffAfterSet.age; run:exp02-20260910-030433 lifecycle.json summary.g.stateDiffAfterAge.age	n=1; one item on one fixture, four arms in one live session	settled		mechanism	docs/vanilla/food-item-model.md § A zero-valued packet field can arrive carrying another item's value	facts/wire-packets.md#desyncs
#0349	`calories` travels: a server-side write of 999 read back as 999 on the client.	M	run:exp02-20260910-030433 lifecycle.json summary.g.clientCalories	n=1; one item on one fixture	settled		mechanism	docs/vanilla/food-item-model.md § A zero-valued packet field can arrive carrying another item's value	facts/wire-packets.md#desyncs
#0350	`burnt` travels: the client received the transition from false to true.	M	run:exp02-20260910-030433 lifecycle.json summary.e.burnt	n=1; one item on one fixture	settled		mechanism	docs/vanilla/food-item-model.md § A zero-valued packet field can arrive carrying another item's value	facts/wire-packets.md#desyncs
#0351	`cookingTime` travels: the client received the change from 0 to 71.061172.	M	run:exp02-20260910-030433 lifecycle.json summary.e.cookingTimeAfter	n=1; one item on one fixture	settled		mechanism	docs/vanilla/food-item-model.md § A zero-valued packet field can arrive carrying another item's value	facts/wire-packets.md#desyncs
#0352	`heat` travels: the client received the change from 1 to 1.83512.	M	run:exp02-20260910-030433 lifecycle.json summary.e.heatAfter	n=1; one item on one fixture	settled		mechanism	docs/vanilla/food-item-model.md § A zero-valued packet field can arrive carrying another item's value	facts/wire-packets.md#desyncs
#0353	A Cooking perk level set on the server is visible to the very next client read with no wait, the reverse write at teardown was too, and the client-side call was a no-op both times.	M	run:exp02-20260910-030433 lifecycle.json summary.f[1].perkRouteServer; run:exp02-20260910-030433 lifecycle.json summary.f[1].perkRouteClient; run:exp02-20260910-030433 lifecycle.json summary.f[1].cookingLevelSeen	n=1; one perk on one fixture, set up and then down in one live session; the perk travels by character sync rather than by the item-stats packet	settled		mechanism	docs/vanilla/food-item-model.md § A zero-valued packet field can arrive carrying another item's value	platform/mp-model.md#ownership
#0354	A client-side `setAge` moves only the client's copy, is never pushed to the server and is never corrected, because nothing re-sends `age` until the item is serialised whole.	C	jar:Food.update @38–@46 L369-370; jar:InventoryItem.setAge	C-only; no run wrote age on the client and then read the server back, and the source gives no bytecode offset for the setter	settled		mechanism	docs/vanilla/food-item-model.md § A zero-valued packet field can arrive carrying another item's value	platform/mp-model.md#what-a-client-copy-is
#0355	Pin a skill level and any item state on the server bus, because a client-only write reads back correct locally and is then overwritten by the server's copy, so an evolved recipe built at Cooking 10 can silently run at level 0.	M	run:exp02-20260910-030433 lifecycle.json summary.f[1].perkRouteClient	uncommitted: exp02-20260910-025434 the overwrite was seen only in the uncommitted shakedown run, so this is not a measured row	unverified		rule	docs/vanilla/food-item-model.md § A zero-valued packet field can arrive carrying another item's value	platform/mp-model.md#what-a-client-copy-is
#0356	The sync argument gates the only item-stats send on the aging path and `Food.update`'s own aging call passes false, so the rot-transition sync fires only from the no-argument aging call, and that packet does not carry the new age anyway.	C	jar:Food.updateAge(Z) @497 L782-783; jar:Food.update @38–@46 L369-370	none	settled		mechanism	docs/vanilla/food-item-model.md § A zero-valued packet field can arrive carrying another item's value	facts/spoilage.md#writes
#0357	A client's displayed freshness is whatever the last full serialization said and can be arbitrarily stale.	C	jar:Food.updateAge(Z) @497 L782-783; jar:Food.update @38–@46 L369-370	inference; the consequence follows from the gates rather than from a measurement	settled		rule	docs/vanilla/food-item-model.md § A zero-valued packet field can arrive carrying another item's value	platform/mp-model.md#what-a-client-copy-is
#0358	The aging call fires the container-update event only when the process is not a server and a client never runs the aging call, so in multiplayer the event never fires for a rot transition and a mod cannot hang rot logic on it.	C	jar:Food.updateAge(Z) @470 L779-780; jar:Food.update @38–@46 L369-370	none	settled		mechanism	docs/vanilla/food-item-model.md § A zero-valued packet field can arrive carrying another item's value	platform/lua-platform.md#events
#0359	Aging must be read on the server: an age probe on a client measures the client's stale copy, which is the finding rather than the number.	M	run:exp02-20260910-030433 lifecycle.json summary.c.clientAge	n=1; one item on one fixture over one accelerated game day	settled		rule	docs/vanilla/food-item-model.md § A zero-valued packet field can arrive carrying another item's value	platform/harness.md#probes
#0360	The measured evolved-recipe arithmetic is a client-side reading: the summation's item replacement is server-gated, so the server still held the base and the untouched ingredients, and what a multiplayer server stores after a real add-item action was not measured.	M	jar:EvolvedRecipe.addItem @0–@1928 L265–L487; run:exp02-20260910-030433 lifecycle.json summary.f	one-side; client-side only, n=1 on one fixture; the summation itself is pure Java arithmetic that both sides run identically	settled		bound	docs/vanilla/food-item-model.md § A zero-valued packet field can arrive carrying another item's value	facts/cooking-and-recipes.md#walls
#0361	A zero-valued item-stats field is not trustworthy on a client: any of the twenty conditionally-written fields arrives carrying the previous packet's value whenever the sending item's own value is zero, so a client-side read on an item that should be zero may be reading another item's number.	M	jar:ItemStatsPacket.write @162–@186 L261–L263; run:exp02-20260910-030433 lifecycle.json summary.g.stateDiffAfterAge.cookingTime	n=1; only cookingTime has been seen to carry over and the other nineteen fields are read off the write and parse guard lists	settled		rule	docs/vanilla/food-item-model.md § A zero-valued packet field can arrive carrying another item's value	facts/wire-packets.md#walls
#0362	No factor of 25 appears anywhere on the aging path: a freezer applies the same fridge factor as a fridge while the item is unfrozen, and once `freezingTime` reaches 100 the rate is 0.0, stopped rather than divided.	M	wiki:references/wiki-mirrors/fridge.md 41.78.19; jar:Food.updateAge(Z) @147–@151 L755; run:exp02-20260910-030433 lifecycle.json summary.d.dAge	n=1; mirror wrong: in the freezer compartment the spoil rate is reduced by 25 times	settled		contradiction	docs/vanilla/food-item-model.md § Discrepancies vs the wiki	facts/spoilage.md#walls
#0363	A fridge's five-times figure is true only as the default: the fridge factor is a sandbox enum of 0.4, 0.3, 0.2, 0.1, 0.03 and 0.0 whose default 3 is that five times, it applies only on a powered grid, the Outbreak preset ships 4 for ten times, and unpowered food reverts to the full rate once the electricity-shutoff window closes.	C	wiki:references/wiki-mirrors/fridge.md 41.78.19; wiki:references/wiki-mirrors/food.md 42.20.0; jar:Food.getFridgeFactor @9 tableswitch L710–L716	C-only; mirror wrong: the spoil rate is reduced by 5 times, repeated as increases spoil time by 5 times	settled		contradiction	docs/vanilla/food-item-model.md § Discrepancies vs the wiki	facts/spoilage.md#walls
#0364	Rot leaves all four macros untouched — 220 kcal, 0 carbohydrates, 9.35 lipids and 31.62 proteins identical at ages 0, 1.9, 2.1 and 4.1 — and only the read-time hunger, stress, boredom, unhappiness and the sickness roll degrade, while thirst and endurance have no rot branch at all.	M	wiki:references/wiki-mirrors/food.md 42.20.0; run:exp02-20260910-030433 lifecycle.json summary.a_rows	n=1; mirror wrong: as food begins to rot its effects become more negative, which reads as blanket	settled		contradiction	docs/vanilla/food-item-model.md § Discrepancies vs the wiki	facts/spoilage.md#walls
#0365	An evolved dish's boredom is zeroed once in phase A and never touched again, only its unhappiness moves as the unmodified value less five less five per duplicate clamped at plus 25 with an over-stuffing term, and the bonus already stops on the second identical copy with the penalty starting on the third.	C	wiki:references/wiki-mirrors/evolved-recipes.md 41.78.19; jar:EvolvedRecipe.addItem @0–@1928 L265–L487	C-only; mirror wrong: every ingredient adds minus five boredom and unhappiness the first time, and three of the same negates the bonus	settled		contradiction	docs/vanilla/food-item-model.md § Discrepancies vs the wiki	facts/cooking-and-recipes.md#walls
#0366	42.20.4 loads 62 evolved-recipe blocks and an item's recipe key attaches both to the matching recipe and to every recipe whose template equals that key.	C	wiki:references/wiki-mirrors/evolved-recipes.md 41.78.19; jar:Item.OnScriptsLoaded @0–@234 L3029–L3047	C-only; mirror wrong: a roster of about 35 rows with no template mechanism	settled		contradiction	docs/vanilla/food-item-model.md § Discrepancies vs the wiki	facts/cooking-and-recipes.md#walls
#0367	An evolved dish's age is proportional rather than inherited: phase A sets the new age to the new `offAgeMax` times the old age over the old `offAgeMax` and only when both items have real thresholds, and ingredients contribute no age at all.	C	wiki:references/wiki-mirrors/cooking.md 42.18.0; jar:EvolvedRecipe.addItem @0–@1928 L265–L487	C-only; mirror wrong: an evolved recipe inherits the age of its base ingredient only	settled		contradiction	docs/vanilla/food-item-model.md § Discrepancies vs the wiki	facts/cooking-and-recipes.md#walls
#0368	The appliances fridges table groups tiles by category rather than by container type and carries no spoilage, power or temperature figure, and because the fridge test returns false for anything already a freezer, the cooled shelves and display counter tiles are its likeliest false positives.	C	wiki:references/wiki-mirrors/appliances.md 42.8.0; jar:ItemContainer.isFridge @0–@101 L4065–L4081	C-only; mirror wrong: the fridges table read as a refrigeration roster, and the page's own banner says tiles were removed during B42 unstable	settled		contradiction	docs/vanilla/food-item-model.md § Discrepancies vs the wiki	facts/spoilage.md#walls
#0369	The nutritional-values rows are state-free for the macros, which are bare field reads with no cooked, burnt, rotten or frozen modifier, but the hunger column is the raw script value that is divided by 100 at instantiation and so is an identity column rather than an arithmetic one, and its fat column is the script and Java lipids.	M	wiki:references/wiki-mirrors/nutritional-values.md 42.20.0; run:exp02-20260910-030433 lifecycle.json summary.a_rows	n=1; mirror wrong: nutritional-values rows are state-free	settled		contradiction	docs/vanilla/food-item-model.md § Discrepancies vs the wiki	facts/food-item-model.md#walls
#0370	No wiki mirror exists for food spoilage: the food-spoilage page returns a 404 and the refrigerator and freezer pages both redirect to the appliances page, whose section is headed fridges as of 42.8.0.	W	wiki:references/wiki-mirrors/README.md 2026-09-10	snapshot 2026-09-10	settled		bound	docs/vanilla/food-item-model.md § Discrepancies vs the wiki	reference/tools.md#wiki-mirror
#0371	The measured age gain over one accelerated game day is 1.00777 against 1.02320 predicted over the containing window of 24.556793 game hours at rot speed 3, and the 1.5 per cent shortfall is unexplained.	M	run:exp02-20260910-030433 lifecycle.json summary.c.serverAge	n=1; one item on one fixture; the item's aging window strictly contains the wait loop's clock samples, so it had more time than the samples saw, and the clock-hours helper was read to rule out clamping; the artifact's own expected value of 1.0209 is the same prediction over the narrower wait window	open		open	docs/vanilla/food-item-model.md § Open questions	facts/spoilage.md#open
#0372	Only `cookingTime` has been seen to carry over between packets; the other nineteen conditionally-written fields are read off the write and parse guard lists and have never been made to differ in a run.	M	jar:ItemStatsPacket.write @0–@875 L233–L363; run:exp02-20260910-030433 lifecycle.json summary.g.stateDiffAfterAge.cookingTime	n=1; the one observed case involved a non-cookable receiver, which the mechanism says is incidental but no run has shown to be; one confirmation would settle it, syncing an item with a distinctive cooking time and then a zero-valued item	open		open	docs/vanilla/food-item-model.md § Open questions	facts/wire-packets.md#open
#0373	The fridge and freezer container multipliers are unmeasured: they need a placed powered appliance whose container type is fridge or freezer on a square with electricity, which the fixture world does not provide at the spawn point.	C	jar:ItemContainer.getTemprature @0–@13 L2681-2682	C-only; the cheapest future route is a container custom temperature, which short-circuits the container temperature getter, or spawning an appliance; only the frozen zero rate, which needs no appliance, was measured	open		open	docs/vanilla/food-item-model.md § Open questions	facts/spoilage.md#open
#0374	Whether food ages at all in single-player at default settings is unsettled: the code gates the aging call on the server flag, returns from the rot path on clients and otherwise needs `ReplaceOnRotten` or a non-negative removal day count, leaving only the compost update and the grab-world-item path.	C	jar:Food.update @38–@46 L369-370; jar:Food.updateRotting @13–@19 L658-659	C-only; either a real 42.20.4 regression or a call site not yet found, and the harness runs a dedicated server, so it must not be stated as fact without a single-player measurement	open		open	docs/vanilla/food-item-model.md § Open questions	facts/spoilage.md#open
#0375	The syncing form of the aging call has only two callers, the `ReplaceOnRotten` branch of the rot path and the compost update, so on a dedicated server the rate-limited stats send on a rot transition effectively never fires for ordinary food.	C	jar:Food.updateRotting @20–@226 L662–L694; jar:Food.<clinit> @4 L72	C-only; worth confirming against a live log	open		open	docs/vanilla/food-item-model.md § Open questions	facts/spoilage.md#open
#0376	How often a multiplayer server re-sends inventory items, and therefore how often a client's freshness display refreshes, was not traced.	C	jar:GameClient.receiveSendItemListNet	C-only; the carrier exists but its cadence was not read, and the source gives no bytecode offset for it	open		open	docs/vanilla/food-item-model.md § Open questions	platform/mp-model.md#open
#0377	Whether the item-stats packet really carries `cooked` is unsettled: the field is in the list but both sides already read false when they were read, so the match is uninformative.	C	jar:ItemStatsPacket.setData(Object[]) @0–@566 L153–L229	C-only; one divergence test, setting cooked on the server only and then reading the client, would upgrade it	open		open	docs/vanilla/food-item-model.md § MP behaviour; docs/vanilla/food-item-model.md § Open questions	facts/wire-packets.md#open
#0378	The translation labels of the fridge-factor and rot-speed enums were not read, so only the numeric mapping decoded from the raw tableswitch is established.	C	jar:Food.getFridgeFactor @9 tableswitch L710–L716; jar:Food.getFoodRotSpeed @9 tableswitch L721–L726	C-only	open		open	docs/vanilla/food-item-model.md § Open questions	facts/spoilage.md#open
#0379	`Food.rottenTime` has a getter, a setter and save and load support, no script key, one writer in the compost update and zero readers, and `Poison` and `UseForPoison` parse into fields with no Java or vanilla-Lua reader, so all three look like mod-facing API rather than mechanics.	C	jar:Food.getUseForPoison()I; jar:Food.isPoison()Z @0 L1909	C-only; a reader outside the vanilla Lua tree would not show in these scans, and the source gives no bytecode offset for the use-for-poison getter	open		open	docs/vanilla/food-item-model.md § Open questions	facts/food-item-model.md#open
#0380	No reader for `AddIngredientIfCooked`, which 37 recipe blocks use, was traced beyond the ingredient-usability check.	C	jar:EvolvedRecipe.checkItemCanBeUse @258	C-only	open		open	docs/vanilla/food-item-model.md § Open questions	facts/cooking-and-recipes.md#open
#0381	`EvolvedRecipe.useSpice` and its two overloads were never dumped, so the spice branch's effect beyond the herbal-tea sums is unread.	C	jar:EvolvedRecipe.useSpice	C-only; the source gives no bytecode offset for the method, which was never dumped	open		open	docs/vanilla/food-item-model.md § Open questions	areas/open-questions.md#x9b
#0382	Exactly one of the 722 `base:food` blocks sets `DaysFresh` equal to `DaysTotallyRotten`, all 497 blocks that declare either threshold declare both, and the smallest non-zero gap is one day on 29 items.	C	data:media/scripts/generated/items/food.txt 2026-09-10	snapshot 2026-09-10	settled		count	docs/vanilla/food-item-model.md § Open questions	reference/datasets.md#counts
#0383	`item RatKing` sets both `DaysFresh` and `DaysTotallyRotten` to 0, so it spawns already rotten with an age of 0 at or above an `offAgeMax` of 0 while `canAge()` is still true.	C	data:media/scripts/generated/items/food.txt:15417 2026-09-10	snapshot 2026-09-10	settled		mechanism	docs/vanilla/food-item-model.md § Open questions	facts/spoilage.md#formula
#0384	The behaviour of an item whose fresh and rotten thresholds are equal is unmeasured at eat time, where it takes the hundred-per-cent branch of the rot-sickness denominator.	C	data:media/scripts/generated/items/food.txt:15417 2026-09-10	C-only	open		open	docs/vanilla/food-item-model.md § Open questions	facts/spoilage.md#open
#0385	The measured run's artifact carries no fixture or build key of its own.	M	run:exp02-20260910-030433 lifecycle.json run_id	one-fixture; the run used fixture default at build 42.20.4 with server pzt, mod PZTestKit, one admin client and no boot errors, known only from the fixture file; one live session of seven phases, 329 s wall, zero server errors	settled		bound	docs/vanilla/food-item-model.md § Sources	platform/harness.md#artifacts-discipline
