key,order_or_taxon,basis,protein_g_100g,fat_g_100g,fibre_g_100g,carb_g_100g,ash_g_100g,energy_kcal_100g,moisture_pct,source,page_or_table,note
rumpold2013:coleoptera,"Coleoptera (beetles, grubs)",dm,40.69,33.40,10.74,13.20,5.07,490.30,,"Rumpold & Schlueter 2013 (doi:10.1002/mnfr.201200735; pmid:23471778; paywalled, not read) as reproduced in Lee HJ et al 2020 Asian-Australas J Anim Sci 33:1533-1543 (doi:10.5713/ajas.20.0419; PMC7463075)",Lee 2020 Table 4 (secondary; 'Modified from Rumpold and Schlueter'); cross-checked against Verheyen 2021 Pharmaceuticals 14:1273 Table 1 (PMC8707174) and Abril 2022 Front Nutr 9:904812 Table 2 (PMC9196879),per-order mean of the paper's compilation on dry matter; the paper's own table number was not seen (primary paywalled); NFE = nitrogen-free extract; no moisture or fresh basis in the reproduced table; all three secondaries agree on every value
rumpold2013:lepidoptera,"Lepidoptera (butterflies, moths; caterpillars)",dm,45.38,27.66,6.60,18.76,4.51,508.89,,"Rumpold & Schlueter 2013 (doi:10.1002/mnfr.201200735; pmid:23471778; paywalled, not read) as reproduced in Lee HJ et al 2020 Asian-Australas J Anim Sci 33:1533-1543 (doi:10.5713/ajas.20.0419; PMC7463075)",Lee 2020 Table 4 (secondary; 'Modified from Rumpold and Schlueter'); cross-checked against Verheyen 2021 Pharmaceuticals 14:1273 Table 1 (PMC8707174) and Abril 2022 Front Nutr 9:904812 Table 2 (PMC9196879),per-order mean of the paper's compilation on dry matter; the paper's own table number was not seen (primary paywalled); NFE = nitrogen-free extract; no moisture or fresh basis in the reproduced table; all three secondaries agree
rumpold2013:orthoptera,"Orthoptera (crickets, grasshoppers, locusts)",dm,61.32,13.41,9.55,12.98,3.85,426.25,,"Rumpold & Schlueter 2013 (doi:10.1002/mnfr.201200735; pmid:23471778; paywalled, not read) as reproduced in Lee HJ et al 2020 Asian-Australas J Anim Sci 33:1533-1543 (doi:10.5713/ajas.20.0419; PMC7463075)",Lee 2020 Table 4 (secondary; 'Modified from Rumpold and Schlueter'); cross-checked against Verheyen 2021 Pharmaceuticals 14:1273 Table 1 (PMC8707174) and Abril 2022 Front Nutr 9:904812 Table 2 (PMC9196879),per-order mean of the paper's compilation on dry matter; the paper's own table number was not seen (primary paywalled); NFE = nitrogen-free extract; no moisture or fresh basis in the reproduced table; all three secondaries agree
rumpold2013:hymenoptera,"Hymenoptera (ants, bees; sawflies by order)",dm,46.47,25.09,5.71,20.25,3.51,484.45,,"Rumpold & Schlueter 2013 (doi:10.1002/mnfr.201200735; pmid:23471778; paywalled, not read) as reproduced in Lee HJ et al 2020 Asian-Australas J Anim Sci 33:1533-1543 (doi:10.5713/ajas.20.0419; PMC7463075)",Lee 2020 Table 4 (secondary; 'Modified from Rumpold and Schlueter'); cross-checked against Verheyen 2021 Pharmaceuticals 14:1273 Table 1 (PMC8707174) and Abril 2022 Front Nutr 9:904812 Table 2 (PMC9196879),per-order mean of the paper's compilation on dry matter; the paper's own table number was not seen (primary paywalled); NFE = nitrogen-free extract; no moisture or fresh basis in the reproduced table; all three secondaries agree
rumpold2013:blattodea,Blattodea (cockroaches),dm,57.30,29.90,5.31,4.53,2.94,,,"Rumpold & Schlueter 2013 (doi:10.1002/mnfr.201200735; pmid:23471778; paywalled, not read) as reproduced in Lee HJ et al 2020 Asian-Australas J Anim Sci 33:1533-1543 (doi:10.5713/ajas.20.0419; PMC7463075)",Lee 2020 Table 4 and Verheyen 2021 Table 1 (Abril 2022 omits the order),"per-order mean of the paper's compilation on dry matter; the paper's own table number was not seen (primary paywalled); NFE = nitrogen-free extract; no moisture or fresh basis in the reproduced table; energy NOT reported (Lee '-', Verheyen '/'); Atwater 4P+9F+4NFE from the read values = 516.42 kcal/100 g DM (computed, not read)"
rumpold2013:isoptera,Isoptera (termites),dm,35.34,32.74,5.06,22.84,5.88,,,"Rumpold & Schlueter 2013 (doi:10.1002/mnfr.201200735; pmid:23471778; paywalled, not read) as reproduced in Lee HJ et al 2020 Asian-Australas J Anim Sci 33:1533-1543 (doi:10.5713/ajas.20.0419; PMC7463075)",Lee 2020 Table 4 (secondary; 'Modified from Rumpold and Schlueter'); cross-checked against Verheyen 2021 Pharmaceuticals 14:1273 Table 1 (PMC8707174) and Abril 2022 Front Nutr 9:904812 Table 2 (PMC9196879),"per-order mean of the paper's compilation on dry matter; the paper's own table number was not seen (primary paywalled); NFE = nitrogen-free extract; no moisture or fresh basis in the reproduced table; energy NOT reported by Lee 2020 ('-') or Verheyen 2021 ('/'); Abril 2022 prints 508.89, the Lepidoptera figure repeated, read as a transcription error and not used; Atwater 4P+9F+4NFE from the read values = 527.38 kcal/100 g DM (computed, not read)"
rumpold2013:diptera,Diptera (flies; larvae),dm,49.48,22.75,13.56,6.01,10.31,409.78,,"Rumpold & Schlueter 2013 (doi:10.1002/mnfr.201200735; pmid:23471778; paywalled, not read) as reproduced in Lee HJ et al 2020 Asian-Australas J Anim Sci 33:1533-1543 (doi:10.5713/ajas.20.0419; PMC7463075)",Lee 2020 Table 4 (secondary; 'Modified from Rumpold and Schlueter'); cross-checked against Verheyen 2021 Pharmaceuticals 14:1273 Table 1 (PMC8707174) and Abril 2022 Front Nutr 9:904812 Table 2 (PMC9196879),per-order mean of the paper's compilation on dry matter; the paper's own table number was not seen (primary paywalled); NFE = nitrogen-free extract; no moisture or fresh basis in the reproduced table; all three secondaries agree
kavle2023:eisenia-andrei,"Annelida: Oligochaeta, Eisenia andrei (earthworm)",dm,53.75,19.30,,23.26,3.69,483.56,83.68,"Kavle RR et al 2023 Foods 12:1948 (doi:10.3390/foods12101948; pmid:37238766; PMC10217592), primary, open access",section 3.1 Proximate Analysis of EAP,"farmed E. andrei freeze-dried powder, New Zealand; carbohydrate by difference 100-(P+ash+fat) so it includes fibre (fibre not reported); energy read as 2023.2 kJ/100 g DM, the kcal cell is that /4.184 (computed); moisture 83.68 % of the fresh worm, so fresh = DM x 0.1632; a Eisenia, not Lumbricus, value"
oonincx2012:porcellio-scaber,"Crustacea: Isopoda, Porcellio scaber (common rough woodlouse)",dm,41.20,11.50,14.02,,32.69,,67.82,"Oonincx DG, Dierenfeld ES 2012 Zoo Biol 31:40-54 (doi:10.1002/zoo.20382; pmid:21442652), primary, early-view author PDF at url:https://www.caudata.org/cc/pdfs/alternative-invertebrate-prey.pdf","Table 1 (p. 5 of the early-view PDF, paginated Zoo Biol 29:1-15)","adults n = 1 pooled sample; dry matter 32.18 % read, so moisture 67.82 % (100 - DM, computed) and fresh = DM x 0.3218; fibre cell is NDF (ADF 5.04 % DM); ash 32.69 % DM is the mineralised exoskeleton (Ca 14.38 % DM); NFE and energy not reported; the text calls protein 41 %, fat 12 %, fibre <15 % DM"
kim2017:scolopendra-subspinipes,"Myriapoda: Chilopoda, Scolopendra subspinipes mutilans (centipede)",dm,59.99,30.90,4.65,5.62,3.50,,,"Kim SY et al 2017 J Life Sci (Korea) 27:1308-1314 (doi:10.5352/JLS.2017.27.11.1308), primary, PDF via url:https://koreascience.kr/article/JAKO201734964190535.do",Table 1 (p. 1310),"dried traditional-medicine centipedes from three Korean regions; the paper reports % w/w AS IS: moisture/protein/fat/ash/fibre/carbohydrate SC 10.0/54.9/26.8/3.2/4.3/5.1, YG 8.0/55.7/28.4/3.2/4.2/4.7, JJ 4.5/55.8/30.6/3.3/4.4/5.8; the cells are the three-region mean put on dry matter by this task (as-is / (1 - moisture)), computed not read; carbohydrate by difference includes fibre; energy not reported (Atwater from the cells 540.5 kcal/100 g DM, computed); no fresh-animal moisture (the material was dried)"
abulude2003:millipede,"Myriapoda: Diplopoda, species not named in the abstract (millipede)",dm,24.85,5.20,4.88,,2.23,397.56,,"Abulude FO, Folorunso RO 2003 Global J Agric Sci 2(2):68-71 (doi:10.4314/gjass.v2i2.2207), ABSTRACT ONLY (full text not available)",abstract (url:https://ajol.info/index.php/gjass/article/view/2207),"Nigeria; the abstract gives g/100 g DM for protein, fibre, ash and fat and 'energy level 397.56 Kcal' without a basis; NFE not given (by difference it would be about 62.8 % DM, implausible for a millipede beside a 'phytate' content, which suggests sampling or reporting issues); low confidence"
