key,food,iodine_ug_100g,page,note
bacon-cooked,"Pork bacon, oven-cooked",1.1,10,"per-100 g column, no arithmetic; DB_ID 29, SR NDB (Foundation id) 10860; n=35, SD 1.7"
beef-ground-cooked,"Beef, ground, pan-cooked",7.5,10,"per-100 g column, no arithmetic; DB_ID 251; n=35, SD 3.0"
beef-steak-broiled,"Beef steak, loin/sirloin, broiled",4.7,10,"per-100 g column, no arithmetic; DB_ID 260; n=34, SD 1.7"
bologna,Bologna (beef/pork),26,9,"per-100 g column, no arithmetic; DB_ID 32, SR NDB (Foundation id) 07959; n=10, SD 9.7"
bread-roll-white,"Bread, white roll/bun (hamburger/hotdog)",2.4,7,"per-100 g column, no arithmetic; DB_ID 199, SR NDB (Foundation id) 18350; n=16, SD 3.3; footnote 6: 6 samples at 130-416 omitted as probable iodate-conditioned bread; the iodate-conditioned row (DB_ID 442) reads 1060"
bread-white,"Bread, white, enriched, pre-sliced",1.8,7,"per-100 g column, no arithmetic; DB_ID 46, SR NDB (Foundation id) 18069; n=15, SD 2.7; footnote 7: 11 samples at 38-310 omitted as probable iodate-conditioned bread; the iodate-conditioned row (DB_ID 440) reads 592"
bread-wholewheat,"Bread, whole-wheat, commercially prepared",1.9,7,"per-100 g column, no arithmetic; DB_ID 48, SR NDB (Foundation id) 18075; n=21, SD 2.5; footnote 8: 10 samples at 110-290 omitted as probable iodate-conditioned bread; the iodate-conditioned row (DB_ID 441) reads 546"
butter-salted,"Butter, salted",4.6,1,"per-100 g column, no arithmetic; DB_ID 91, SR NDB (Foundation id) 01001; n=11, SD 0.6"
candy-milk-chocolate,"Candy bar, milk chocolate, plain",46,8,"per-100 g column, no arithmetic; DB_ID 104, SR NDB (Foundation id) 19120; n=10, SD 5.9"
cheese-american,"Cheese, American, processed",57,1,"per-100 g column, no arithmetic; DB_ID 24, SR NDB (Foundation id) 01253; n=37, SD 18"
cheese-cheddar,"Cheese, cheddar (sharp/mild)",46,1,"per-100 g column, no arithmetic; DB_ID 25, SR NDB (Foundation id) 01009; n=38, SD 13"
cheese-mozzarella,"Cheese, mozzarella",51,1,"per-100 g column, no arithmetic; DB_ID 191, SR NDB (Foundation id) 01029; n=30, SD 10.0"
cheese-parmesan-grated,"Cheese, parmesan, grated",82,1,"per-100 g column, no arithmetic; DB_ID 349, SR NDB (Foundation id) 01032; n=9, SD 38"
chicken-breast-roasted,"Chicken breast, oven-roasted (skin removed)",1.2,9,"per-100 g column, no arithmetic; DB_ID 130, SR NDB (Foundation id) 05064; n=35, SD 1.9"
chicken-nuggets,"Chicken nuggets, fast food",0.9,9,"per-100 g column, no arithmetic; DB_ID 131, SR NDB (Foundation id) 21229; n=35, SD 1.6"
chicken-thigh-roasted,"Chicken thigh, oven-roasted (skin removed)",0.9,9,"per-100 g column, no arithmetic; DB_ID 163, SR NDB (Foundation id) 05098; n=35, SD 1.8"
cream-cheese,Cream cheese,36,1,"per-100 g column, no arithmetic; DB_ID 128, SR NDB (Foundation id) 01017; n=18, SD 11"
egg-hard-boiled,"Eggs, hard-boiled",61,1,"per-100 g column, no arithmetic; DB_ID 34, SR NDB (Foundation id) 01129; n=35, SD 30"
egg-scrambled,"Eggs, scrambled with oil",43,1,"per-100 g column, no arithmetic; DB_ID 336, SR NDB (Foundation id) 01132; n=7, SD 13"
egg-whole-raw,"Egg, whole, raw, fresh",49,1,"per-100 g column, no arithmetic; DB_ID 353, SR NDB (Foundation id) 01123; n=24, SD 21"
fish-catfish-farmed-raw,"Fish, catfish, farmed, raw",1.9,6,"per-100 g column, no arithmetic; DB_ID 499, SR NDB (Foundation id) 15234; n=8, SD 0.8"
fish-catfish-pan-cooked,"Fish, catfish, pan-cooked with oil",3.2,6,"per-100 g column, no arithmetic; DB_ID 165, SR NDB (Foundation id) 15235; n=35, SD 2.5"
fish-cod-atlantic-raw,"Fish, cod, Atlantic, wild, raw",114,6,"per-100 g column, no arithmetic; DB_ID 498, SR NDB (Foundation id) (100328); n=8, SD 116; the parenthesised id is the Foundation Foods id"
fish-salmon-atlantic-farmed-raw,"Fish, salmon, Atlantic, farmed, raw",3.2,6,"per-100 g column, no arithmetic; DB_ID 496, SR NDB (Foundation id) 15236; n=8, SD 1.3"
fish-salmon-pink-canned,"Fish, salmon, pink, canned, drained solids",14,6,"per-100 g column, no arithmetic; DB_ID 395, SR NDB (Foundation id) 15260; n=2; no SD printed"
fish-sticks,"Fish sticks or patty, frozen, oven-cooked",67,6,"per-100 g column, no arithmetic; DB_ID 33, SR NDB (Foundation id) 15027; n=14, SD 28"
fish-trout-rainbow-wild-raw,"Fish, trout, rainbow, wild, raw",7.4,6,"per-100 g column, no arithmetic; DB_ID 386, SR NDB (Foundation id) 15115; n=1; no SD printed"
frankfurter,"Frankfurter, beef/pork, boiled",8.8,9,"per-100 g column, no arithmetic; DB_ID 31, SR NDB (Foundation id) 07949; n=28, SD 12; footnote 16: one sample at 1000 omitted as an outlier"
ham-cured-baked,"Ham, cured (not canned), baked",0.7,10,"per-100 g column, no arithmetic; DB_ID 26, SR NDB (Foundation id) 10136; n=35, SD 1.4"
ice-cream-vanilla,"Ice cream, regular (not lowfat), vanilla",38,1,"per-100 g column, no arithmetic; DB_ID 143, SR NDB (Foundation id) 19095; n=34, SD 5.8"
lamb-chop,"Lamb chop, pan-cooked with oil",2.5,10,"per-100 g column, no arithmetic; DB_ID 252; n=35, SD 2.7"
lobster-cooked,"Crustaceans, lobster, northern, cooked, moist heat",185,6,"per-100 g column, no arithmetic; DB_ID 390, SR NDB (Foundation id) 15148; n=3, SD 44"
macaroni-cheese-boxmix,"Macaroni and cheese, prepared from box mix",19,8,"per-100 g column, no arithmetic; DB_ID 87, SR NDB (Foundation id) 22960; n=17, SD 4.5"
milk-chocolate-lowfat,"Milk, chocolate, lowfat, fluid",30,1,"per-100 g column, no arithmetic; DB_ID 22, SR NDB (Foundation id) 01103; n=37, SD 6.8"
milk-lowfat,"Milk, lowfat (1%), fluid",36,1,"per-100 g column, no arithmetic; DB_ID 352, SR NDB (Foundation id) 01082; n=24, SD 15"
milk-reduced-fat,"Milk, reduced fat (2%), fluid",36,1,"per-100 g column, no arithmetic; DB_ID 21, SR NDB (Foundation id) 01079; n=59, SD 13"
milk-skim,"Milk, skim, fluid",34,1,"per-100 g column, no arithmetic; DB_ID 23, SR NDB (Foundation id) 01085; n=59, SD 9.2"
milk-whole,"Milk, whole, fluid",34,1,"per-100 g column, no arithmetic; DB_ID 20, SR NDB (Foundation id) 01077; n=59, SD 11"
oyster-eastern-cooked,"Mollusks, oyster, eastern, wild, cooked, moist heat",109,6,"per-100 g column, no arithmetic; DB_ID 393, SR NDB (Foundation id) 15169; n=3, SD 26"
peanut-butter,"Peanut butter, smooth/creamy",0.4,5,"per-100 g column, no arithmetic; DB_ID 38, SR NDB (Foundation id) 16167; n=10, SD 0.4"
pork-chop-cooked,"Pork chop, pan-cooked with oil",0.5,10,"per-100 g column, no arithmetic; DB_ID 27, SR NDB (Foundation id) 10179; n=35, SD 1.3"
salami-dry,"Salami, dry/hard",10,9,"per-100 g column, no arithmetic; DB_ID 188, SR NDB (Foundation id) 07072; n=31, SD 9.4"
salami-luncheon,"Salami, luncheon-meat type (not hard)",12,9,"per-100 g column, no arithmetic; DB_ID 243; n=7, SD 8.0"
sausage-pork-cooked,"Sausage, pork, oven-cooked",4.2,9,"per-100 g column, no arithmetic; DB_ID 28, SR NDB (Foundation id) 07953; n=35, SD 2.9"
seaweed-nori-dried,"Nori, seaweed, dried",2317,4,"per-100 g column, no arithmetic; DB_ID 434; n=3, SD 618; dried nori; a fresh or rehydrated seaweed reads far lower per 100 g"
shrimp-breaded-fried,"Shrimp, breaded and fried, fast food",7.4,9,"per-100 g column, no arithmetic; DB_ID 405, SR NDB (Foundation id) 21059; n=2; no SD printed"
shrimp-raw,"Crustaceans, shrimp, mixed species, raw",14,6,"per-100 g column, no arithmetic; DB_ID 391, SR NDB (Foundation id) 15149 (100327); n=17, SD 11"
tuna-canned-water,"Fish, tuna, canned in water, drained",8.7,6,"per-100 g column, no arithmetic; DB_ID 166, SR NDB (Foundation id) 15121; n=15, SD 1.8"
turkey-breast-roasted,"Turkey breast, oven-roasted",4.8,9,"per-100 g column, no arithmetic; DB_ID 30, SR NDB (Foundation id) 05192; n=35, SD 13"
water-bottled,"Water, mineral/spring, bottled",0.2,6,"per-100 g column, no arithmetic; DB_ID 184, SR NDB (Foundation id) 14555; n=35, SD 0.3"
water-tap,"Water, tap, drinking",1.1,6,"per-100 g column, no arithmetic; DB_ID 439, SR NDB (Foundation id) 14411; n=40, SD 2.0; footnote 2: USDA water samples analyzed by FDA"
yogurt-fruit-lowfat,"Yogurt, fruit-flavored, lowfat",31,1,"per-100 g column, no arithmetic; DB_ID 126, SR NDB (Foundation id) 01122; n=11, SD 6.5"
yogurt-whole-plain,"Yogurt, whole milk, plain",32,1,"per-100 g column, no arithmetic; DB_ID 448, SR NDB (Foundation id) 01116; n=8, SD 12"
