family,phytate_mg_100g,source,note
maize-germ,6390,"Schlemmer U, Frolich W, Prieto RM, Grases F 2009, Mol Nutr Food Res 53(S2):S330-S375, doi:10.1002/mnfr.200900099, Table 1 (content of phytic acid in major cereals, legumes, oilseeds and nuts), read as reproduced in Gupta RK, Gangoliya SS, Singh NK 2015, J Food Sci Technol 52(2):676-684, doi:10.1007/s13197-013-0978-y, Table 1","midpoint of the table row, mg per 100 g DRY WEIGHT; 6.39 g/100 g dry weight (a single value); the table row cites Kasim and Edwards 1998; a mapping row converts to the as-eaten basis by x (100 - the FDC entry water g/100 g)/100"
wheat-bran,4700,"Schlemmer U, Frolich W, Prieto RM, Grases F 2009, Mol Nutr Food Res 53(S2):S330-S375, doi:10.1002/mnfr.200900099, Table 1 (content of phytic acid in major cereals, legumes, oilseeds and nuts), read as reproduced in Gupta RK, Gangoliya SS, Singh NK 2015, J Food Sci Technol 52(2):676-684, doi:10.1007/s13197-013-0978-y, Table 1","midpoint of the table row, mg per 100 g DRY WEIGHT; range 2.1-7.3 g/100 g dry weight; the table row cites Harland and Oberleas 1986; Wise 1983; a mapping row converts to the as-eaten basis by x (100 - the FDC entry water g/100 g)/100"
wheat-germ,2525,"Schlemmer U, Frolich W, Prieto RM, Grases F 2009, Mol Nutr Food Res 53(S2):S330-S375, doi:10.1002/mnfr.200900099, Table 1 (content of phytic acid in major cereals, legumes, oilseeds and nuts), read as reproduced in Gupta RK, Gangoliya SS, Singh NK 2015, J Food Sci Technol 52(2):676-684, doi:10.1007/s13197-013-0978-y, Table 1","midpoint of the table row, mg per 100 g DRY WEIGHT; range 1.14-3.91 g/100 g dry weight; the table row cites Wise 1983; a mapping row converts to the as-eaten basis by x (100 - the FDC entry water g/100 g)/100"
rice-bran,5630,"Schlemmer U, Frolich W, Prieto RM, Grases F 2009, Mol Nutr Food Res 53(S2):S330-S375, doi:10.1002/mnfr.200900099, Table 1 (content of phytic acid in major cereals, legumes, oilseeds and nuts), read as reproduced in Gupta RK, Gangoliya SS, Singh NK 2015, J Food Sci Technol 52(2):676-684, doi:10.1007/s13197-013-0978-y, Table 1","midpoint of the table row, mg per 100 g DRY WEIGHT; range 2.56-8.7 g/100 g dry weight; the table row cites Kasim and Edwards 1998; Lehrfeld 1994; a mapping row converts to the as-eaten basis by x (100 - the FDC entry water g/100 g)/100"
barley,770,"Schlemmer U, Frolich W, Prieto RM, Grases F 2009, Mol Nutr Food Res 53(S2):S330-S375, doi:10.1002/mnfr.200900099, Table 1 (content of phytic acid in major cereals, legumes, oilseeds and nuts), read as reproduced in Gupta RK, Gangoliya SS, Singh NK 2015, J Food Sci Technol 52(2):676-684, doi:10.1007/s13197-013-0978-y, Table 1","midpoint of the table row, mg per 100 g DRY WEIGHT; range 0.38-1.16 g/100 g dry weight; the table row cites Kasim and Edwards 1998; a mapping row converts to the as-eaten basis by x (100 - the FDC entry water g/100 g)/100"
sorghum,1960,"Schlemmer U, Frolich W, Prieto RM, Grases F 2009, Mol Nutr Food Res 53(S2):S330-S375, doi:10.1002/mnfr.200900099, Table 1 (content of phytic acid in major cereals, legumes, oilseeds and nuts), read as reproduced in Gupta RK, Gangoliya SS, Singh NK 2015, J Food Sci Technol 52(2):676-684, doi:10.1007/s13197-013-0978-y, Table 1","midpoint of the table row, mg per 100 g DRY WEIGHT; range 0.57-3.35 g/100 g dry weight; the table row cites Kasim and Edwards 1998; a mapping row converts to the as-eaten basis by x (100 - the FDC entry water g/100 g)/100"
oat,790,"Schlemmer U, Frolich W, Prieto RM, Grases F 2009, Mol Nutr Food Res 53(S2):S330-S375, doi:10.1002/mnfr.200900099, Table 1 (content of phytic acid in major cereals, legumes, oilseeds and nuts), read as reproduced in Gupta RK, Gangoliya SS, Singh NK 2015, J Food Sci Technol 52(2):676-684, doi:10.1007/s13197-013-0978-y, Table 1","midpoint of the table row, mg per 100 g DRY WEIGHT; range 0.42-1.16 g/100 g dry weight; the table row cites Harland and Oberleas 1986; a mapping row converts to the as-eaten basis by x (100 - the FDC entry water g/100 g)/100"
rye,1000,"Schlemmer U, Frolich W, Prieto RM, Grases F 2009, Mol Nutr Food Res 53(S2):S330-S375, doi:10.1002/mnfr.200900099, Table 1 (content of phytic acid in major cereals, legumes, oilseeds and nuts), read as reproduced in Gupta RK, Gangoliya SS, Singh NK 2015, J Food Sci Technol 52(2):676-684, doi:10.1007/s13197-013-0978-y, Table 1","midpoint of the table row, mg per 100 g DRY WEIGHT; range 0.54-1.46 g/100 g dry weight; the table row cites Harland and Prosky 1979; a mapping row converts to the as-eaten basis by x (100 - the FDC entry water g/100 g)/100"
millet,925,"Schlemmer U, Frolich W, Prieto RM, Grases F 2009, Mol Nutr Food Res 53(S2):S330-S375, doi:10.1002/mnfr.200900099, Table 1 (content of phytic acid in major cereals, legumes, oilseeds and nuts), read as reproduced in Gupta RK, Gangoliya SS, Singh NK 2015, J Food Sci Technol 52(2):676-684, doi:10.1007/s13197-013-0978-y, Table 1","midpoint of the table row, mg per 100 g DRY WEIGHT; range 0.18-1.67 g/100 g dry weight; the table row cites Lestienne et al 2005; a mapping row converts to the as-eaten basis by x (100 - the FDC entry water g/100 g)/100"
kidney-beans,1495,"Schlemmer U, Frolich W, Prieto RM, Grases F 2009, Mol Nutr Food Res 53(S2):S330-S375, doi:10.1002/mnfr.200900099, Table 1 (content of phytic acid in major cereals, legumes, oilseeds and nuts), read as reproduced in Gupta RK, Gangoliya SS, Singh NK 2015, J Food Sci Technol 52(2):676-684, doi:10.1007/s13197-013-0978-y, Table 1","midpoint of the table row, mg per 100 g DRY WEIGHT; range 0.61-2.38 g/100 g dry weight; the table row cites Lehrfeld 1994; a mapping row converts to the as-eaten basis by x (100 - the FDC entry water g/100 g)/100"
peas,720,"Schlemmer U, Frolich W, Prieto RM, Grases F 2009, Mol Nutr Food Res 53(S2):S330-S375, doi:10.1002/mnfr.200900099, Table 1 (content of phytic acid in major cereals, legumes, oilseeds and nuts), read as reproduced in Gupta RK, Gangoliya SS, Singh NK 2015, J Food Sci Technol 52(2):676-684, doi:10.1007/s13197-013-0978-y, Table 1","midpoint of the table row, mg per 100 g DRY WEIGHT; range 0.22-1.22 g/100 g dry weight; the table row cites Ravindran et al 1994; a mapping row converts to the as-eaten basis by x (100 - the FDC entry water g/100 g)/100"
chickpeas,940,"Schlemmer U, Frolich W, Prieto RM, Grases F 2009, Mol Nutr Food Res 53(S2):S330-S375, doi:10.1002/mnfr.200900099, Table 1 (content of phytic acid in major cereals, legumes, oilseeds and nuts), read as reproduced in Gupta RK, Gangoliya SS, Singh NK 2015, J Food Sci Technol 52(2):676-684, doi:10.1007/s13197-013-0978-y, Table 1","midpoint of the table row, mg per 100 g DRY WEIGHT; range 0.28-1.6 g/100 g dry weight; the table row cites Ravindran et al 1994; a mapping row converts to the as-eaten basis by x (100 - the FDC entry water g/100 g)/100"
lentils,890,"Schlemmer U, Frolich W, Prieto RM, Grases F 2009, Mol Nutr Food Res 53(S2):S330-S375, doi:10.1002/mnfr.200900099, Table 1 (content of phytic acid in major cereals, legumes, oilseeds and nuts), read as reproduced in Gupta RK, Gangoliya SS, Singh NK 2015, J Food Sci Technol 52(2):676-684, doi:10.1007/s13197-013-0978-y, Table 1","midpoint of the table row, mg per 100 g DRY WEIGHT; range 0.27-1.51 g/100 g dry weight; the table row cites Ravindran et al 1994; a mapping row converts to the as-eaten basis by x (100 - the FDC entry water g/100 g)/100"
soybeans,1610,"Schlemmer U, Frolich W, Prieto RM, Grases F 2009, Mol Nutr Food Res 53(S2):S330-S375, doi:10.1002/mnfr.200900099, Table 1 (content of phytic acid in major cereals, legumes, oilseeds and nuts), read as reproduced in Gupta RK, Gangoliya SS, Singh NK 2015, J Food Sci Technol 52(2):676-684, doi:10.1007/s13197-013-0978-y, Table 1","midpoint of the table row, mg per 100 g DRY WEIGHT; range 1-2.22 g/100 g dry weight; the table row cites Lolas et al 1976; a mapping row converts to the as-eaten basis by x (100 - the FDC entry water g/100 g)/100"
linseed,2920,"Schlemmer U, Frolich W, Prieto RM, Grases F 2009, Mol Nutr Food Res 53(S2):S330-S375, doi:10.1002/mnfr.200900099, Table 1 (content of phytic acid in major cereals, legumes, oilseeds and nuts), read as reproduced in Gupta RK, Gangoliya SS, Singh NK 2015, J Food Sci Technol 52(2):676-684, doi:10.1007/s13197-013-0978-y, Table 1","midpoint of the table row, mg per 100 g DRY WEIGHT; range 2.15-3.69 g/100 g dry weight; the table row cites Wise 1983; a mapping row converts to the as-eaten basis by x (100 - the FDC entry water g/100 g)/100"
sesame-seed,3400,"Schlemmer U, Frolich W, Prieto RM, Grases F 2009, Mol Nutr Food Res 53(S2):S330-S375, doi:10.1002/mnfr.200900099, Table 1 (content of phytic acid in major cereals, legumes, oilseeds and nuts), read as reproduced in Gupta RK, Gangoliya SS, Singh NK 2015, J Food Sci Technol 52(2):676-684, doi:10.1007/s13197-013-0978-y, Table 1","midpoint of the table row, mg per 100 g DRY WEIGHT; range 1.44-5.36 g/100 g dry weight; the table row cites Harland and Oberleas 1986; a mapping row converts to the as-eaten basis by x (100 - the FDC entry water g/100 g)/100"
sunflower-meal,4100,"Schlemmer U, Frolich W, Prieto RM, Grases F 2009, Mol Nutr Food Res 53(S2):S330-S375, doi:10.1002/mnfr.200900099, Table 1 (content of phytic acid in major cereals, legumes, oilseeds and nuts), read as reproduced in Gupta RK, Gangoliya SS, Singh NK 2015, J Food Sci Technol 52(2):676-684, doi:10.1007/s13197-013-0978-y, Table 1","midpoint of the table row, mg per 100 g DRY WEIGHT; range 3.9-4.3 g/100 g dry weight; the table row cites Kasim and Edwards 1998; a mapping row converts to the as-eaten basis by x (100 - the FDC entry water g/100 g)/100"
peanuts,2320,"Schlemmer U, Frolich W, Prieto RM, Grases F 2009, Mol Nutr Food Res 53(S2):S330-S375, doi:10.1002/mnfr.200900099, Table 1 (content of phytic acid in major cereals, legumes, oilseeds and nuts), read as reproduced in Gupta RK, Gangoliya SS, Singh NK 2015, J Food Sci Technol 52(2):676-684, doi:10.1007/s13197-013-0978-y, Table 1","midpoint of the table row, mg per 100 g DRY WEIGHT; range 0.17-4.47 g/100 g dry weight; the table row cites Venktachalam and Sathe 2006; a mapping row converts to the as-eaten basis by x (100 - the FDC entry water g/100 g)/100"
almonds,4885,"Schlemmer U, Frolich W, Prieto RM, Grases F 2009, Mol Nutr Food Res 53(S2):S330-S375, doi:10.1002/mnfr.200900099, Table 1 (content of phytic acid in major cereals, legumes, oilseeds and nuts), read as reproduced in Gupta RK, Gangoliya SS, Singh NK 2015, J Food Sci Technol 52(2):676-684, doi:10.1007/s13197-013-0978-y, Table 1","midpoint of the table row, mg per 100 g DRY WEIGHT; range 0.35-9.42 g/100 g dry weight; the table row cites Harland and Oberleas 1986; a mapping row converts to the as-eaten basis by x (100 - the FDC entry water g/100 g)/100"
walnuts,3445,"Schlemmer U, Frolich W, Prieto RM, Grases F 2009, Mol Nutr Food Res 53(S2):S330-S375, doi:10.1002/mnfr.200900099, Table 1 (content of phytic acid in major cereals, legumes, oilseeds and nuts), read as reproduced in Gupta RK, Gangoliya SS, Singh NK 2015, J Food Sci Technol 52(2):676-684, doi:10.1007/s13197-013-0978-y, Table 1","midpoint of the table row, mg per 100 g DRY WEIGHT; range 0.2-6.69 g/100 g dry weight; the table row cites Chen 2004; a mapping row converts to the as-eaten basis by x (100 - the FDC entry water g/100 g)/100"
cashew-nuts,2585,"Schlemmer U, Frolich W, Prieto RM, Grases F 2009, Mol Nutr Food Res 53(S2):S330-S375, doi:10.1002/mnfr.200900099, Table 1 (content of phytic acid in major cereals, legumes, oilseeds and nuts), read as reproduced in Gupta RK, Gangoliya SS, Singh NK 2015, J Food Sci Technol 52(2):676-684, doi:10.1007/s13197-013-0978-y, Table 1","midpoint of the table row, mg per 100 g DRY WEIGHT; range 0.19-4.98 g/100 g dry weight; the table row cites Chen 2004; a mapping row converts to the as-eaten basis by x (100 - the FDC entry water g/100 g)/100"
wheat-whole,870,"Schlemmer U, Frolich W, Prieto RM, Grases F 2009, Mol Nutr Food Res 53(S2):S330-S375, doi:10.1002/mnfr.200900099, Table 1 (phytate content of plant foods), read as reproduced in Lesjak M, Srai SKS 2019, Pharmaceuticals 12(3):119, doi:10.3390/ph12030119, pmid:31398897, PMC6789581, Table 3 (phytate and iron content in selected foods; the phytate column cites Schlemmer 2009, ref 43)","midpoint of the table row, mg per 100 g DRY WEIGHT; range 0.39-1.35 g/100 g; the copy labels the row 'wheat seed' and heads the column 'g Phytate/100 g Food' without naming the basis, read as dry weight because its oats (0.42-1.16) and rye (0.54-1.46) rows equal the dry-weight rows of the Gupta 2015 copy; the copy does not reproduce the original reference the Schlemmer row cites; mature whole grain (the copy's 'wheat seed'), not refined flour; a mapping row converts to the as-eaten basis by x (100 - the FDC entry water g/100 g)/100"
rice,570,"Schlemmer U, Frolich W, Prieto RM, Grases F 2009, Mol Nutr Food Res 53(S2):S330-S375, doi:10.1002/mnfr.200900099, Table 1 (phytate content of plant foods), read as reproduced in Lesjak M, Srai SKS 2019, Pharmaceuticals 12(3):119, doi:10.3390/ph12030119, pmid:31398897, PMC6789581, Table 3 (phytate and iron content in selected foods; the phytate column cites Schlemmer 2009, ref 43)","midpoint of the table row, mg per 100 g DRY WEIGHT; range 0.06-1.08 g/100 g; the copy labels the row 'rice' and heads the column 'g Phytate/100 g Food' without naming the basis, read as dry weight because its oats (0.42-1.16) and rye (0.54-1.46) rows equal the dry-weight rows of the Gupta 2015 copy; the copy does not reproduce the original reference the Schlemmer row cites; the row does not distinguish brown from white or polished rice; a mapping row converts to the as-eaten basis by x (100 - the FDC entry water g/100 g)/100"
maize,1470,"Schlemmer U, Frolich W, Prieto RM, Grases F 2009, Mol Nutr Food Res 53(S2):S330-S375, doi:10.1002/mnfr.200900099, Table 1 (phytate content of plant foods), read as reproduced in Lesjak M, Srai SKS 2019, Pharmaceuticals 12(3):119, doi:10.3390/ph12030119, pmid:31398897, PMC6789581, Table 3 (phytate and iron content in selected foods; the phytate column cites Schlemmer 2009, ref 43)","midpoint of the table row, mg per 100 g DRY WEIGHT; range 0.72-2.22 g/100 g; the copy labels the row 'corn' and heads the column 'g Phytate/100 g Food' without naming the basis, read as dry weight because its oats (0.42-1.16) and rye (0.54-1.46) rows equal the dry-weight rows of the Gupta 2015 copy; the copy does not reproduce the original reference the Schlemmer row cites; mature grain (the copy's 'corn'), not immature sweet corn; a mapping row converts to the as-eaten basis by x (100 - the FDC entry water g/100 g)/100"
wheat-flour-white,214.32,"phyfoodcomp2019:01030201+01030202+01030203+01030204+01030205+01030206+01030207+01030208+01030184; FAO/IZiNCG 2018, FAO/INFOODS/IZiNCG Global Food Composition Database for Phytate Version 1.0 - PhyFoodComp 1.0, Rome (workbook PhyFoodComp_1.0.xlsx from https://www.fao.org/fileadmin/templates/food_composition/documents/PhyFoodComp_1.0.xlsx, sheet 01 Cereals and their products, Food item IDs 01030201, 01030202, 01030203, 01030204, 01030205, 01030206, 01030207, 01030208, 01030184); described in Dahdouh S, Grande F, Najera Espinosa S, Vincent A, Gibson R, Bailey K, King J, Rittenschober D, Charrondiere UR 2019, J Food Compos Anal 78:42-48, doi:10.1016/j.jfca.2019.01.023, pmid:31057213, PMC6472536","basis=fresh; mg per 100 g EDIBLE PORTION on a fresh-weight (as-eaten or as-sold) basis, as the database expresses every value; median of 9 database entries named Wheat flour, white (incl. packaged, refined) or all-purpose (1 below LOD); entries range <LOD and 123-320 mg/100 g; the median entry is 01030204 (Turkey, PHYTCPPI); the per-entry value is the entry's total phytic acid column (PHYTCPPI, PHYTCPPD, PHYTCPP, PHYTCA, PHYTC- or PHYT-) where present, else its IP6 column; a below-LOD entry is ranked lowest and counted; the build must NOT apply the dry-to-as-eaten water conversion to this row (a phyfoodcomp2019 source is already as eaten)"
wheat-flour-whole,814,"phyfoodcomp2019:01030209+01030210+01030211+01030212+01030213+01030214+01030215+01030216+01030217; FAO/IZiNCG 2018, FAO/INFOODS/IZiNCG Global Food Composition Database for Phytate Version 1.0 - PhyFoodComp 1.0, Rome (workbook PhyFoodComp_1.0.xlsx from https://www.fao.org/fileadmin/templates/food_composition/documents/PhyFoodComp_1.0.xlsx, sheet 01 Cereals and their products, Food item IDs 01030209, 01030210, 01030211, 01030212, 01030213, 01030214, 01030215, 01030216, 01030217); described in Dahdouh S, Grande F, Najera Espinosa S, Vincent A, Gibson R, Bailey K, King J, Rittenschober D, Charrondiere UR 2019, J Food Compos Anal 78:42-48, doi:10.1016/j.jfca.2019.01.023, pmid:31057213, PMC6472536","basis=fresh; mg per 100 g EDIBLE PORTION on a fresh-weight (as-eaten or as-sold) basis, as the database expresses every value; median of 9 database entries named Wheat flour, whole grain or whole meal; entries range 537-1176 mg/100 g; the median entry is 01030213 (Europe, n=6, PHYTCPPD); the per-entry value is the entry's total phytic acid column (PHYTCPPI, PHYTCPPD, PHYTCPP, PHYTCA, PHYTC- or PHYT-) where present, else its IP6 column; a below-LOD entry is ranked lowest and counted; the build must NOT apply the dry-to-as-eaten water conversion to this row (a phyfoodcomp2019 source is already as eaten)"
bread-white,20,"phyfoodcomp2019:01030050+01030051+01030052+01030053+01030054+01030055+01030056+01030058+01030059; FAO/IZiNCG 2018, FAO/INFOODS/IZiNCG Global Food Composition Database for Phytate Version 1.0 - PhyFoodComp 1.0, Rome (workbook PhyFoodComp_1.0.xlsx from https://www.fao.org/fileadmin/templates/food_composition/documents/PhyFoodComp_1.0.xlsx, sheet 01 Cereals and their products, Food item IDs 01030050, 01030051, 01030052, 01030053, 01030054, 01030055, 01030056, 01030058, 01030059); described in Dahdouh S, Grande F, Najera Espinosa S, Vincent A, Gibson R, Bailey K, King J, Rittenschober D, Charrondiere UR 2019, J Food Compos Anal 78:42-48, doi:10.1016/j.jfca.2019.01.023, pmid:31057213, PMC6472536","basis=fresh; mg per 100 g EDIBLE PORTION on a fresh-weight (as-eaten or as-sold) basis, as the database expresses every value; median of 9 database entries named Bread, white wheat-based, leavened and baked (2 below LOD; the high-fibre and unleavened entries 01030057 and 01030060 excluded); entries range <LOD and 0-277 mg/100 g; the median entry is 01030055 (China, PHYTCPP); the per-entry value is the entry's total phytic acid column (PHYTCPPI, PHYTCPPD, PHYTCPP, PHYTCA, PHYTC- or PHYT-) where present, else its IP6 column; a below-LOD entry is ranked lowest and counted; the build must NOT apply the dry-to-as-eaten water conversion to this row (a phyfoodcomp2019 source is already as eaten)"
bread-wholemeal,176,"phyfoodcomp2019:01030064+01030065+01030066+01030067+01030068+01030069+01030070; FAO/IZiNCG 2018, FAO/INFOODS/IZiNCG Global Food Composition Database for Phytate Version 1.0 - PhyFoodComp 1.0, Rome (workbook PhyFoodComp_1.0.xlsx from https://www.fao.org/fileadmin/templates/food_composition/documents/PhyFoodComp_1.0.xlsx, sheet 01 Cereals and their products, Food item IDs 01030064, 01030065, 01030066, 01030067, 01030068, 01030069, 01030070); described in Dahdouh S, Grande F, Najera Espinosa S, Vincent A, Gibson R, Bailey K, King J, Rittenschober D, Charrondiere UR 2019, J Food Compos Anal 78:42-48, doi:10.1016/j.jfca.2019.01.023, pmid:31057213, PMC6472536","basis=fresh; mg per 100 g EDIBLE PORTION on a fresh-weight (as-eaten or as-sold) basis, as the database expresses every value; median of 7 database entries named Bread, whole wheat-based, leavened and baked (the phytase- or bifidobacteria-treated, unleavened, steamed and toasted entries excluded); entries range 57.05-403 mg/100 g; the median entry is 01030069 (China, PHYTCPP); the per-entry value is the entry's total phytic acid column (PHYTCPPI, PHYTCPPD, PHYTCPP, PHYTCA, PHYTC- or PHYT-) where present, else its IP6 column; a below-LOD entry is ranked lowest and counted; the build must NOT apply the dry-to-as-eaten water conversion to this row (a phyfoodcomp2019 source is already as eaten)"
pasta,244.2,"phyfoodcomp2019:01030113+01030114+01030123+01030124+01030132; FAO/IZiNCG 2018, FAO/INFOODS/IZiNCG Global Food Composition Database for Phytate Version 1.0 - PhyFoodComp 1.0, Rome (workbook PhyFoodComp_1.0.xlsx from https://www.fao.org/fileadmin/templates/food_composition/documents/PhyFoodComp_1.0.xlsx, sheet 01 Cereals and their products, Food item IDs 01030113, 01030114, 01030123, 01030124, 01030132); described in Dahdouh S, Grande F, Najera Espinosa S, Vincent A, Gibson R, Bailey K, King J, Rittenschober D, Charrondiere UR 2019, J Food Compos Anal 78:42-48, doi:10.1016/j.jfca.2019.01.023, pmid:31057213, PMC6472536","basis=fresh; mg per 100 g EDIBLE PORTION on a fresh-weight (as-eaten or as-sold) basis, as the database expresses every value; median of 5 database entries of plain refined wheat pasta, uncooked (macaroni, maccheroncini, commercial pasta, spaghetti; 1 below LOD; the dark, flavoured and mixed-flour pastas excluded); entries range <LOD and 153.54-389.4 mg/100 g; the median entry is 01030124 (Finland, IP6); DRY pasta as sold; the per-entry value is the entry's total phytic acid column (PHYTCPPI, PHYTCPPD, PHYTCPP, PHYTCA, PHYTC- or PHYT-) where present, else its IP6 column; a below-LOD entry is ranked lowest and counted; the build must NOT apply the dry-to-as-eaten water conversion to this row (a phyfoodcomp2019 source is already as eaten)"
potato,50.51,"phyfoodcomp2019:02010020+02010002+02010003+02010004+02010005+02010006+02010007+02010010+02010013+02010015+02010016+02010018+02010019+02010021+02010022+02010023+02010025+02010026+02010027+02010028+02010029+02010030+02010031+02010032+02010034+02010035; FAO/IZiNCG 2018, FAO/INFOODS/IZiNCG Global Food Composition Database for Phytate Version 1.0 - PhyFoodComp 1.0, Rome (workbook PhyFoodComp_1.0.xlsx from https://www.fao.org/fileadmin/templates/food_composition/documents/PhyFoodComp_1.0.xlsx, sheet 02 Roots, tubers, plantains and their products, Food item IDs 02010020, 02010002, 02010003, 02010004, 02010005, 02010006, 02010007, 02010010, 02010013, 02010015, 02010016, 02010018, 02010019, 02010021, 02010022, 02010023, 02010025, 02010026, 02010027, 02010028, 02010029, 02010030, 02010031, 02010032, 02010034, 02010035); described in Dahdouh S, Grande F, Najera Espinosa S, Vincent A, Gibson R, Bailey K, King J, Rittenschober D, Charrondiere UR 2019, J Food Compos Anal 78:42-48, doi:10.1016/j.jfca.2019.01.023, pmid:31057213, PMC6472536","basis=fresh; mg per 100 g EDIBLE PORTION on a fresh-weight (as-eaten or as-sold) basis, as the database expresses every value; median of 26 database entries of raw potato, peeled or unpeeled, all cultivars (starch, chips, fries, flakes and boiled excluded); entries range 6.94-373.3 mg/100 g, the South African PHYT- entries (SA1016) running 38.7-373.3 against the US IP6 entries 21-73; the median is the mean of the two middle entries 50.02 (02010030) and 51 (02010023); the per-entry value is the entry's total phytic acid column (PHYTCPPI, PHYTCPPD, PHYTCPP, PHYTCA, PHYTC- or PHYT-) where present, else its IP6 column; a below-LOD entry is ranked lowest and counted; the build must NOT apply the dry-to-as-eaten water conversion to this row (a phyfoodcomp2019 source is already as eaten)"
potato-boiled,19.866,"phyfoodcomp2019:02010014+02010024+02010033; FAO/IZiNCG 2018, FAO/INFOODS/IZiNCG Global Food Composition Database for Phytate Version 1.0 - PhyFoodComp 1.0, Rome (workbook PhyFoodComp_1.0.xlsx from https://www.fao.org/fileadmin/templates/food_composition/documents/PhyFoodComp_1.0.xlsx, sheet 02 Roots, tubers, plantains and their products, Food item IDs 02010014, 02010024, 02010033); described in Dahdouh S, Grande F, Najera Espinosa S, Vincent A, Gibson R, Bailey K, King J, Rittenschober D, Charrondiere UR 2019, J Food Compos Anal 78:42-48, doi:10.1016/j.jfca.2019.01.023, pmid:31057213, PMC6472536","basis=fresh; mg per 100 g EDIBLE PORTION on a fresh-weight (as-eaten or as-sold) basis, as the database expresses every value; median of 3 database entries of water-boiled potato (the freeze-dried chuno entry 02010011 excluded); entries range 4.82-47.61 mg/100 g; the median entry is 02010014 (Bolivia, n=10, IP6); the per-entry value is the entry's total phytic acid column (PHYTCPPI, PHYTCPPD, PHYTCPP, PHYTCA, PHYTC- or PHYT-) where present, else its IP6 column; a below-LOD entry is ranked lowest and counted; the build must NOT apply the dry-to-as-eaten water conversion to this row (a phyfoodcomp2019 source is already as eaten)"
shredded-wheat,1103,"phyfoodcomp2019:01030086; FAO/IZiNCG 2018, FAO/INFOODS/IZiNCG Global Food Composition Database for Phytate Version 1.0 - PhyFoodComp 1.0, Rome (workbook PhyFoodComp_1.0.xlsx from https://www.fao.org/fileadmin/templates/food_composition/documents/PhyFoodComp_1.0.xlsx, sheet 01 Cereals and their products, Food item IDs 01030086); described in Dahdouh S, Grande F, Najera Espinosa S, Vincent A, Gibson R, Bailey K, King J, Rittenschober D, Charrondiere UR 2019, J Food Compos Anal 78:42-48, doi:10.1016/j.jfca.2019.01.023, pmid:31057213, PMC6472536","basis=fresh; mg per 100 g EDIBLE PORTION on a fresh-weight (as-eaten or as-sold) basis, as the database expresses every value; a single database entry, Breakfast cereal, wheat, Shredded Wheat, Nabisco (USA), IP6, n not given; no range; the per-entry value is the entry's total phytic acid column (PHYTCPPI, PHYTCPPD, PHYTCPP, PHYTCA, PHYTC- or PHYT-) where present, else its IP6 column; a below-LOD entry is ranked lowest and counted; the build must NOT apply the dry-to-as-eaten water conversion to this row (a phyfoodcomp2019 source is already as eaten)"
rice-white,185.06,"phyfoodcomp2019:01010292+01010293+01010294+01010295+01010296+01010297+01010298+01010299+01010313+01010314+01010337+01010338+01010340+01010341+01010342+01010343; FAO/IZiNCG 2018, FAO/INFOODS/IZiNCG Global Food Composition Database for Phytate Version 1.0 - PhyFoodComp 1.0, Rome (workbook PhyFoodComp_1.0.xlsx from https://www.fao.org/fileadmin/templates/food_composition/documents/PhyFoodComp_1.0.xlsx, sheet 01 Cereals and their products, Food item IDs 01010292, 01010293, 01010294, 01010295, 01010296, 01010297, 01010298, 01010299, 01010313, 01010314, 01010337, 01010338, 01010340, 01010341, 01010342, 01010343); described in Dahdouh S, Grande F, Najera Espinosa S, Vincent A, Gibson R, Bailey K, King J, Rittenschober D, Charrondiere UR 2019, J Food Compos Anal 78:42-48, doi:10.1016/j.jfca.2019.01.023, pmid:31057213, PMC6472536","basis=fresh; mg per 100 g EDIBLE PORTION on a fresh-weight (as-eaten or as-sold) basis, as the database expresses every value; median of 16 database entries named Rice, milled / polished / white, raw or sun-dried (1 below LOD; the named breeding-line, GM and fertilisation-trial entries excluded; 01010292 and 01010297 are identical values from one source, both counted); entries range <LOD and 12.95-461.68 mg/100 g; the median is the mean of the two middle entries 183.12 (01010341) and 187 (01010313); RAW grain; the per-entry value is the entry's total phytic acid column (PHYTCPPI, PHYTCPPD, PHYTCPP, PHYTCA, PHYTC- or PHYT-) where present, else its IP6 column; a below-LOD entry is ranked lowest and counted; the build must NOT apply the dry-to-as-eaten water conversion to this row (a phyfoodcomp2019 source is already as eaten)"
rice-white-cooked,38.644,"phyfoodcomp2019:01010090+01010290+01010291+01010300+01010301+01010302+01010303+01010335; FAO/IZiNCG 2018, FAO/INFOODS/IZiNCG Global Food Composition Database for Phytate Version 1.0 - PhyFoodComp 1.0, Rome (workbook PhyFoodComp_1.0.xlsx from https://www.fao.org/fileadmin/templates/food_composition/documents/PhyFoodComp_1.0.xlsx, sheet 01 Cereals and their products, Food item IDs 01010090, 01010290, 01010291, 01010300, 01010301, 01010302, 01010303, 01010335); described in Dahdouh S, Grande F, Najera Espinosa S, Vincent A, Gibson R, Bailey K, King J, Rittenschober D, Charrondiere UR 2019, J Food Compos Anal 78:42-48, doi:10.1016/j.jfca.2019.01.023, pmid:31057213, PMC6472536","basis=fresh; mg per 100 g EDIBLE PORTION on a fresh-weight (as-eaten or as-sold) basis, as the database expresses every value; median of 8 database entries of white (milled or polished) rice boiled, cooked or steamed, without added ingredients; entries range 23.94-71.736 mg/100 g; the median is the mean of the two middle entries 29.718 (01010300) and 47.57 (01010335); COOKED rice as eaten; the per-entry value is the entry's total phytic acid column (PHYTCPPI, PHYTCPPD, PHYTCPP, PHYTCA, PHYTC- or PHYT-) where present, else its IP6 column; a below-LOD entry is ranked lowest and counted; the build must NOT apply the dry-to-as-eaten water conversion to this row (a phyfoodcomp2019 source is already as eaten)"
rice-brown,731.635,"phyfoodcomp2019:01010092+01010094+01010095+01010096+01010097+01010334; FAO/IZiNCG 2018, FAO/INFOODS/IZiNCG Global Food Composition Database for Phytate Version 1.0 - PhyFoodComp 1.0, Rome (workbook PhyFoodComp_1.0.xlsx from https://www.fao.org/fileadmin/templates/food_composition/documents/PhyFoodComp_1.0.xlsx, sheet 01 Cereals and their products, Food item IDs 01010092, 01010094, 01010095, 01010096, 01010097, 01010334); described in Dahdouh S, Grande F, Najera Espinosa S, Vincent A, Gibson R, Bailey K, King J, Rittenschober D, Charrondiere UR 2019, J Food Compos Anal 78:42-48, doi:10.1016/j.jfca.2019.01.023, pmid:31057213, PMC6472536","basis=fresh; mg per 100 g EDIBLE PORTION on a fresh-weight (as-eaten or as-sold) basis, as the database expresses every value; median of 6 database entries named Rice, brown or unpolished, raw or dried (germinated excluded); entries range 23.79-1548.75 mg/100 g; the median is the mean of the two middle entries 721.27 (01010095) and 742 (01010097); RAW grain; the per-entry value is the entry's total phytic acid column (PHYTCPPI, PHYTCPPD, PHYTCPP, PHYTCA, PHYTC- or PHYT-) where present, else its IP6 column; a below-LOD entry is ranked lowest and counted; the build must NOT apply the dry-to-as-eaten water conversion to this row (a phyfoodcomp2019 source is already as eaten)"
oats-rolled,909.3,"phyfoodcomp2019:01060188+01060193; FAO/IZiNCG 2018, FAO/INFOODS/IZiNCG Global Food Composition Database for Phytate Version 1.0 - PhyFoodComp 1.0, Rome (workbook PhyFoodComp_1.0.xlsx from https://www.fao.org/fileadmin/templates/food_composition/documents/PhyFoodComp_1.0.xlsx, sheet 01 Cereals and their products, Food item IDs 01060188, 01060193); described in Dahdouh S, Grande F, Najera Espinosa S, Vincent A, Gibson R, Bailey K, King J, Rittenschober D, Charrondiere UR 2019, J Food Compos Anal 78:42-48, doi:10.1016/j.jfca.2019.01.023, pmid:31057213, PMC6472536","basis=fresh; mg per 100 g EDIBLE PORTION on a fresh-weight (as-eaten or as-sold) basis, as the database expresses every value; median (mean) of 2 database entries, Oat flake, raw (China, PHYTCPP 871) and Oats, rolled (New Zealand, PHYTC- 947.6); dry flakes as sold; the per-entry value is the entry's total phytic acid column (PHYTCPPI, PHYTCPPD, PHYTCPP, PHYTCA, PHYTC- or PHYT-) where present, else its IP6 column; a below-LOD entry is ranked lowest and counted; the build must NOT apply the dry-to-as-eaten water conversion to this row (a phyfoodcomp2019 source is already as eaten)"
