pz_id,pz_display,pz_kind,family,fdc_id,fdc_source,fdc_description,confidence,portion_grams,portion_source,cook_retention_code,state_baseline,iodine_ref,phytate_mg_100g,phytate_source,no_nutrition_reason,notes
Base.AmericanLadyCaterpillar,Caterpillar,food,27.0|3.0|20.24|27.55,,,,,,,,,,,,,
Base.Bacon,Bacon,food,160.0|0.0|14.0|10.0,,,,,,,,,,,,,
Base.BaconRashers,Bacon Strip,food,40.0|0.0|3.5|2.5,,,,,,,,,,,,,
Base.Baloney,Baloney,food,200.0|2.0|6.35|22.65,,,,,,,,,,,,,
Base.BaloneySlice,Baloney Slices,food,33.0|0.33|1.06|3.78,,,,,,,,,,,,,
Base.BandedWoolyBearCaterpillar,Caterpillar,food,27.0|3.0|20.24|27.55,,,,,,,,,,,,,
Base.Beef,Beef,food,440.0|0.0|18.7|62.62,,,,,,,,,,,,,
Base.BeefJerky,Beef Jerky,food,410.0|11.0|26.0|33.0,,,,,,,,,,,,,
Base.CannedBologneseOpen,Canned Spaghetti Bolognese (Open),food,540.0|68.0|22.0|18.0,,,,,,,,,,,,,
Base.CannedChiliOpen,Canned Chili (Open),food,260.0|33.0|7.0|16.0,,,,,,,,,,,,,
Base.CannedCornedBeefOpen,Canned Corned Beef (Open),food,720.0|0.0|48.0|78.0,,,,,,,,,,,,,
Base.CannedMilkOpen,Canned Evaporated Milk (Open),food,472.0|23.6|23.6|23.6,,,,,,,,,,,,,
Base.CannedRoe_Open,Opened Jar of Fish Roe,food,150.0|0.0|11.0|14.0,,,,,,,,,,,,,
Base.CannedSardinesOpen,Canned Sardines (Open),food,150.0|0.0|11.0|14.0,,,,,,,,,,,,,
Base.Caviar,Tin of Caviar,food,150.0|0.0|11.0|14.0,,,,,,,,,,,,,
Base.Centipede,Centipede,food,60.0|3.5|6.5|15.21,,,,,,,,,,,,,
Base.Centipede2,Centipede,food,60.0|3.5|6.5|15.21,,,,,,,,,,,,,
Base.Cheese,Cheese,food,113.0|0.87|9.33|6.4,,,,,,,,,,,,,
Base.Chicken,Chicken Leg,food,230.0|0.0|9.0|38.0,,,,,,,,,,,,,
Base.ChickenFillet,Chicken Fillet,food,230.0|0.0|9.0|38.0,,,,,,,,,,,,,
Base.ChickenNuggets,Chicken Nuggets,food,230.0|10.2|8.1|26.441,,,,,,,,,,,,,
Base.ChickenWhole,Chicken (Whole),food,1495.0|0.0|41.0|99.8,,,,,,,,,,,,,
Base.ChickenWings,Chicken Wing,food,190.0|0.0|6.0|22.0,,,,,,,,,,,,,
Base.Cockroach,Cockroach,food,30.0|1.27|3.9|7.41,,,,,,,,,,,,,
Base.Crayfish,Crayfish,food,40.0|0.0|2.0|8.0,,,,,,,,,,,,,
Base.Cricket,Cricket,food,20.0|1.34|1.32|3.6,,,,,,,,,,,,,
Base.Egg,Egg,food,63.0|0.32|4.18|5.55,,,,,,,,,,,,,
Base.EggBoiled,Egg (Boiled),food,63.0|0.32|4.18|5.55,,,,,,,,,,,,,
Base.EggOmelette,Omelette,food,120.0|0.52|6.18|10.55,,,,,,,,,,,,,
Base.EggPoached,Egg (Poached),food,63.0|0.32|4.18|5.55,,,,,,,,,,,,,
Base.EggScrambled,Egg (Scrambled),food,120.0|0.52|6.18|10.55,,,,,,,,,,,,,
Base.FishFillet,Fish Fillet,food,205.0|1.0|12.0|28.52,,,,,,,,,,,,,
Base.FishFingers,Fish Fingers,food,230.0|10.2|8.1|26.441,,,,,,,,,,,,,
Base.FishFried,Fish (Fried),food,210.0|7.0|12.0|16.0,,,,,,,,,,,,,
Base.FrogMeat,Frog Meat,food,66.0|0.0|0.28|14.6,,,,,,,,,,,,,
Base.Grasshopper,Grasshopper,food,25.0|3.0|0.24|5.55,,,,,,,,,,,,,
Base.Ham,Ham,food,1560.0|91.0|78.0|117.0,,,,,,,,,,,,,
Base.HamSlice,Ham Slice,food,260.0|15.16|13.0|19.5,,,,,,,,,,,,,
Base.Hotdog,Hot Dog,food,100.0|2.0|12.0|2.0,,,,,,,,,,,,,
Base.Hotdog_single,Hotdog Wiener,food,65.0|1.25|2.0|1.25,,,,,,,,,,,,,
Base.Lobster,Lobster,food,120.0|0.0|7.0|28.0,,,,,,,,,,,,,
Base.Maggots,Maggots,food,1.5|0.0|0.05|0.25,,,,,,,,,,,,,
Base.MeatDumpling,Meat Dumpling,food,28.0|8.0|3.0|15.0,,,,,,,,,,,,,
Base.MeatPatty,Beef Patty,food,612.0|0.0|30.0|46.0,,,,,,,,,,,,,
Base.Millipede,Millipede,food,60.0|3.5|6.5|15.21,,,,,,,,,,,,,
Base.Millipede2,Millipede,food,60.0|3.5|6.5|15.21,,,,,,,,,,,,,
Base.MincedMeat,Ground Beef,food,300.0|0.0|30.0|46.0,,,,,,,,,,,,,
Base.MonarchCaterpillar,Caterpillar,food,27.0|3.0|20.24|27.55,,,,,,,,,,,,,
Base.MuttonChop,Mutton Chop,food,234.0|0.08|11.0|33.0,,,,,,,,,,,,,
Base.OmeletteRecipe,Omelette,food,123.0|2.0|8.33|11.0,,,,,,,,,,,,,
Base.OmeletteRecipeForged,Omelette,food,123.0|2.0|8.33|11.0,,,,,,,,,,,,,
Base.Oysters,Oysters,food,15.0|10.0|4.0|22.0,,,,,,,,,,,,,
Base.OystersFried,Oysters (Fried),food,25.0|11.0|4.0|20.0,,,,,,,,,,,,,
Base.Pepperoni,Pepperoni,food,180.0|0.0|4.35|15.62,,,,,,,,,,,,,
Base.Pillbug,Pillbug,food,1.5|0.0|0.05|0.25,,,,,,,,,,,,,
Base.Pork,Pork,food,300.0|0.0|12.0|50.0,,,,,,,,,,,,,
Base.PorkChop,Pork Chop,food,150.0|0.0|6.0|25.0,,,,,,,,,,,,,
Base.Processedcheese,Processed Cheese,food,70.0|0.0|6.0|4.0,,,,,,,,,,,,,
Base.Rabbitmeat,Rabbit Meat,food,969.0|20.0|20.0|185.0,,,,,,,,,,,,,
Base.Salami,Salami,food,330.0|2.0|26.0|22.0,,,,,,,,,,,,,
Base.SalamiSlice,Salami Slices,food,66.0|0.4|5.2|4.4,,,,,,,,,,,,,
Base.Salmon,Salmon,food,270.0|0.0|10.55|34.28,,,,,,,,,,,,,
Base.Sausage,Sausage,food,180.0|0.0|4.35|15.62,,,,,,,,,,,,,
Base.SawflyLarva,Caterpillar,food,27.0|3.0|20.24|27.55,,,,,,,,,,,,,
Base.Shrimp,Shrimp,food,80.0|0.0|7.0|10.0,,,,,,,,,,,,,
Base.ShrimpDumpling,Shrimp Dumpling,food,120.0|5.0|7.0|15.0,,,,,,,,,,,,,
Base.ShrimpFried,Fried Shrimp,food,160.0|17.0|14.0|16.0,,,,,,,,,,,,,
Base.ShrimpFriedCraft,Fried Shrimp,food,160.0|17.0|14.0|16.0,,,,,,,,,,,,,
Base.SilkMothCaterpillar,Caterpillar,food,27.0|3.0|20.24|27.55,,,,,,,,,,,,,
Base.Slug,Slug,food,90.0|2.11|1.9|17.41,,,,,,,,,,,,,
Base.Slug2,Slug,food,90.0|2.11|1.9|17.41,,,,,,,,,,,,,
Base.Smallanimalmeat,Rodent Meat,food,201.0|5.0|7.25|45.0,,,,,,,,,,,,,
Base.Smallbirdmeat,Small Bird Meat,food,261.0|5.0|8.25|90.0,,,,,,,,,,,,,
Base.Snail,Snail,food,90.0|2.11|1.9|17.41,,,,,,,,,,,,,
Base.Squid,Squid,food,205.0|1.0|13.0|32.52,,,,,,,,,,,,,
Base.SquidCalamari,Squid Calamari,food,105.0|3.0|0.0|18.0,,,,,,,,,,,,,
Base.Steak,Steak,food,220.0|0.0|9.35|31.62,,,,,,,,,,,,,
Base.SwallowtailCaterpillar,Caterpillar,food,27.0|3.0|20.24|27.55,,,,,,,,,,,,,
Base.Termites,Termites,food,2.5|0.0|0.5|0.5,,,,,,,,,,,,,
Base.TunaTinOpen,Canned Tuna (Open),food,370.0|0.0|34.0|15.0,,,,,,,,,,,,,
Base.TurkeyEgg,Turkey Egg,food,71.0|0.37|4.54|5.78,,,,,,,,,,,,,
Base.TurkeyFillet,Turkey Fillet,food,230.0|0.0|10.0|32.0,,,,,,,,,,,,,
Base.TurkeyLegs,Turkey Leg,food,230.0|0.0|9.0|38.0,,,,,,,,,,,,,
Base.TurkeyWhole,Turkey (Whole),food,1821.0|0.0|53.3|104.2,,,,,,,,,,,,,
Base.TurkeyWings,Turkey Wing,food,200.0|0.0|10.0|32.0,,,,,,,,,,,,,
Base.Venison,Venison,food,440.0|0.0|18.7|62.62,,,,,,,,,,,,,
Base.WildEggs,Wild Eggs,food,63.0|0.32|4.18|5.55,,,,,,,,,,,,,
Base.Worm,Worm,food,3.0|0.0|0.1|0.5,,,,,,,,,,,,,
Base.cheese_powdered,Cheese Powder,food,130.0|20.7|9.7|21.0,,,,,,,,,,,,,
